CMPLNT_FR_DT,Count
1905-07-15,1
1905-10-20,1
1910-01-23,1
1910-04-01,1
1910-09-01,1
1911-06-27,1
1911-07-20,1
1911-08-22,1
1911-12-20,1
1912-03-20,1
1912-03-29,1
1912-12-19,1
1913-02-23,1
1913-08-02,1
1913-09-01,1
1913-12-28,1
1914-06-26,1
1914-08-24,1
1915-01-29,1
1915-08-04,1
1915-08-20,1
1915-09-20,1
1915-10-16,1
1915-12-30,1
1916-01-13,1
1916-10-22,1
1917-07-08,1
1918-07-20,1
1920-05-20,1
1920-10-26,1
1928-07-07,1
1929-10-09,1
1941-03-12,1
1946-10-08,1
1947-07-20,1
1950-06-26,1
1954-01-05,1
1956-12-03,1
1957-11-09,1
1959-05-21,1
1960-11-28,1
1964-01-01,1
1965-12-20,1
1966-01-20,1
1966-04-12,1
1966-05-03,1
1966-05-04,1
1966-08-19,1
1966-09-05,1
1966-10-10,1
1966-11-20,1
1966-11-27,1
1966-12-20,1
1967-03-28,1
1967-12-23,1
1968-11-30,1
1968-12-14,1
1969-01-25,1
1969-11-29,1
1969-12-06,1
1971-08-01,1
1972-07-18,1
1973-06-12,1
1977-11-28,1
1977-12-12,2
1978-07-09,1
1979-07-17,2
1980-06-12,1
1980-08-04,1
1980-12-30,1
1981-08-30,1
1981-10-22,1
1982-08-05,1
1982-10-01,1
1983-03-03,1
1984-01-21,1
1985-03-31,1
1985-05-02,1
1985-07-30,1
1985-08-01,2
1985-09-15,1
1985-11-03,1
1986-07-27,1
1986-10-23,1
1987-01-16,1
1987-02-25,1
1987-05-21,1
1987-09-18,1
1989-03-19,2
1989-08-11,1
1989-10-01,1
1990-01-01,1
1990-02-01,2
1990-03-01,1
1990-09-11,1
1990-11-13,1
1991-01-01,2
1991-04-01,1
1991-06-29,1
1991-08-19,1
1991-10-01,2
1992-02-02,1
1992-05-04,1
1992-08-01,1
1992-11-01,1
1993-01-01,1
1993-01-11,1
1993-05-01,2
1993-06-01,2
1993-12-01,1
1994-01-01,4
1994-05-06,1
1994-06-01,2
1994-10-05,1
1994-10-10,1
1994-10-13,1
1994-10-26,1
1994-11-21,1
1995-01-01,8
1995-01-02,1
1995-01-16,1
1995-03-01,1
1995-07-01,2
1995-08-01,1
1995-09-01,1
1995-10-01,3
1995-12-01,1
1995-12-07,1
1996-01-01,4
1996-02-01,1
1996-02-05,1
1996-03-01,1
1996-04-01,1
1996-05-01,2
1996-06-01,1
1996-06-28,1
1996-07-10,1
1996-09-19,1
1996-10-01,2
1996-10-25,1
1996-11-01,1
1996-11-03,1
1996-11-23,1
1996-12-01,1
1997-01-01,6
1997-01-12,1
1997-02-01,1
1997-03-05,1
1997-04-01,1
1997-04-07,1
1997-04-11,1
1997-05-21,1
1997-06-27,1
1997-07-01,2
1997-07-05,1
1997-08-01,1
1997-09-30,1
1997-10-01,4
1997-10-02,1
1997-10-22,1
1997-11-01,1
1997-11-16,1
1997-11-27,1
1997-12-01,1
1997-12-22,1
1998-01-01,15
1998-01-05,1
1998-02-01,2
1998-02-19,1
1998-03-04,1
1998-03-06,1
1998-03-17,1
1998-04-15,1
1998-05-01,3
1998-06-01,4
1998-06-29,1
1998-07-01,3
1998-07-08,1
1998-07-10,1
1998-08-01,3
1998-08-03,1
1998-09-01,3
1998-10-01,2
1998-10-02,1
1998-10-18,1
1998-10-27,1
1998-11-09,1
1998-11-10,1
1998-11-11,1
1998-11-13,1
1998-12-01,1
1998-12-13,1
1998-12-21,1
1998-12-24,1
1998-12-31,1
1999-01-01,13
1999-01-05,1
1999-01-09,1
1999-01-12,1
1999-01-22,1
1999-01-31,1
1999-02-01,4
1999-02-05,1
1999-03-01,4
1999-03-11,1
1999-03-23,1
1999-04-01,3
1999-04-15,1
1999-04-20,1
1999-05-01,6
1999-05-02,1
1999-05-09,1
1999-06-01,2
1999-06-09,1
1999-07-01,4
1999-07-29,1
1999-08-01,4
1999-08-05,1
1999-08-10,1
1999-08-11,1
1999-08-24,1
1999-09-01,6
1999-09-13,1
1999-10-01,5
1999-10-08,1
1999-10-28,1
1999-10-30,1
1999-11-01,6
1999-11-02,1
1999-11-03,1
1999-11-09,1
1999-11-10,1
1999-11-15,1
1999-12-01,2
1999-12-03,1
1999-12-15,2
1999-12-17,1
1999-12-19,1
1999-12-23,1
1999-12-27,1
1999-12-30,1
1999-12-31,1
2000-01-01,20
2000-01-02,1
2000-01-04,2
2000-01-07,1
2000-01-09,1
2000-01-11,1
2000-01-12,1
2000-01-19,2
2000-01-20,3
2000-01-21,1
2000-01-22,2
2000-01-23,2
2000-01-30,1
2000-02-01,10
2000-02-05,2
2000-02-06,1
2000-02-09,2
2000-02-11,2
2000-02-12,1
2000-02-13,1
2000-02-20,1
2000-02-22,1
2000-02-24,1
2000-02-27,1
2000-02-28,1
2000-03-01,6
2000-03-02,1
2000-03-04,1
2000-03-07,1
2000-03-11,1
2000-03-12,2
2000-03-16,1
2000-03-17,1
2000-03-21,1
2000-03-23,1
2000-03-24,1
2000-03-25,1
2000-03-27,1
2000-03-28,1
2000-03-30,1
2000-03-31,1
2000-04-01,10
2000-04-03,1
2000-04-04,1
2000-04-05,1
2000-04-09,1
2000-04-16,1
2000-04-18,1
2000-04-20,1
2000-04-23,1
2000-04-24,1
2000-04-26,1
2000-04-30,1
2000-05-01,4
2000-05-02,1
2000-05-04,1
2000-05-05,1
2000-05-10,1
2000-05-13,1
2000-05-15,1
2000-05-16,2
2000-05-19,1
2000-05-20,2
2000-05-22,1
2000-05-25,1
2000-05-28,1
2000-05-30,1
2000-05-31,2
2000-06-01,6
2000-06-03,1
2000-06-09,1
2000-06-10,1
2000-06-13,1
2000-06-14,1
2000-06-15,1
2000-06-17,1
2000-06-21,1
2000-06-22,1
2000-06-24,1
2000-06-25,1
2000-06-26,1
2000-06-30,1
2000-07-01,6
2000-07-03,1
2000-07-04,2
2000-07-05,1
2000-07-07,2
2000-07-09,1
2000-07-10,1
2000-07-11,1
2000-07-12,3
2000-07-15,2
2000-07-16,1
2000-07-17,1
2000-07-19,1
2000-07-20,1
2000-07-21,2
2000-07-22,2
2000-07-23,1
2000-07-24,1
2000-07-25,1
2000-07-27,1
2000-07-30,2
2000-08-01,6
2000-08-02,1
2000-08-04,2
2000-08-05,1
2000-08-09,2
2000-08-12,1
2000-08-13,3
2000-08-15,1
2000-08-16,1
2000-08-17,1
2000-08-20,1
2000-08-22,1
2000-08-23,1
2000-08-24,1
2000-08-27,2
2000-08-28,1
2000-08-30,1
2000-08-31,2
2000-09-01,3
2000-09-03,2
2000-09-04,1
2000-09-05,1
2000-09-09,1
2000-09-13,1
2000-09-14,1
2000-09-18,1
2000-09-20,1
2000-09-22,2
2000-09-25,2
2000-09-27,1
2000-10-01,5
2000-10-07,1
2000-10-08,1
2000-10-09,1
2000-10-12,1
2000-10-13,2
2000-10-17,1
2000-10-18,2
2000-10-20,2
2000-10-21,1
2000-10-24,1
2000-10-27,1
2000-10-28,1
2000-10-29,1
2000-10-31,2
2000-11-01,8
2000-11-08,3
2000-11-13,1
2000-11-14,1
2000-11-15,1
2000-11-19,1
2000-11-22,1
2000-11-26,1
2000-11-29,1
2000-12-01,4
2000-12-02,1
2000-12-06,1
2000-12-10,1
2000-12-11,1
2000-12-14,2
2000-12-18,2
2000-12-19,3
2000-12-20,2
2000-12-22,1
2000-12-23,2
2000-12-26,1
2000-12-27,2
2001-01-01,36
2001-01-02,4
2001-01-03,1
2001-01-04,1
2001-01-05,2
2001-01-06,1
2001-01-07,1
2001-01-09,3
2001-01-10,2
2001-01-12,2
2001-01-14,1
2001-01-15,1
2001-01-17,2
2001-01-18,2
2001-01-21,1
2001-01-23,1
2001-01-29,1
2001-02-01,6
2001-02-03,1
2001-02-05,3
2001-02-09,2
2001-02-12,1
2001-02-15,1
2001-02-16,2
2001-02-19,2
2001-02-20,1
2001-02-26,1
2001-03-01,8
2001-03-02,1
2001-03-07,1
2001-03-09,1
2001-03-10,1
2001-03-15,2
2001-03-16,3
2001-03-21,2
2001-03-23,1
2001-03-25,1
2001-03-27,2
2001-04-01,10
2001-04-04,2
2001-04-09,2
2001-04-10,1
2001-04-16,1
2001-04-18,2
2001-04-20,2
2001-04-21,1
2001-04-23,1
2001-04-28,1
2001-04-30,1
2001-05-01,8
2001-05-03,2
2001-05-05,1
2001-05-07,2
2001-05-09,1
2001-05-10,1
2001-05-12,1
2001-05-13,1
2001-05-15,2
2001-05-16,1
2001-05-19,1
2001-05-21,2
2001-05-24,1
2001-05-26,2
2001-05-27,1
2001-05-29,1
2001-05-30,1
2001-05-31,1
2001-06-01,12
2001-06-03,1
2001-06-07,2
2001-06-10,1
2001-06-11,3
2001-06-14,2
2001-06-18,1
2001-06-21,1
2001-06-24,1
2001-06-26,3
2001-06-27,1
2001-06-30,3
2001-07-01,6
2001-07-03,2
2001-07-04,1
2001-07-06,2
2001-07-09,2
2001-07-12,1
2001-07-16,1
2001-07-19,1
2001-07-20,1
2001-07-21,1
2001-07-23,1
2001-07-25,2
2001-07-26,1
2001-07-29,1
2001-08-01,15
2001-08-07,1
2001-08-08,2
2001-08-09,1
2001-08-10,2
2001-08-12,1
2001-08-15,1
2001-08-18,1
2001-08-21,1
2001-08-22,1
2001-08-23,1
2001-08-24,1
2001-08-28,1
2001-08-29,1
2001-08-30,3
2001-08-31,1
2001-09-01,8
2001-09-02,2
2001-09-05,2
2001-09-07,1
2001-09-08,1
2001-09-09,1
2001-09-10,1
2001-09-11,1
2001-09-12,1
2001-09-13,2
2001-09-15,2
2001-09-18,2
2001-09-20,1
2001-09-21,2
2001-09-22,1
2001-09-25,1
2001-09-28,1
2001-09-30,1
2001-10-01,7
2001-10-10,1
2001-10-12,3
2001-10-18,1
2001-10-19,1
2001-10-20,1
2001-10-21,1
2001-10-23,1
2001-10-31,1
2001-11-01,16
2001-11-02,1
2001-11-03,1
2001-11-06,2
2001-11-07,1
2001-11-08,1
2001-11-10,1
2001-11-13,1
2001-11-14,2
2001-11-15,1
2001-11-21,2
2001-11-24,1
2001-11-26,1
2001-11-27,1
2001-11-30,1
2001-12-01,3
2001-12-04,1
2001-12-05,1
2001-12-07,1
2001-12-11,3
2001-12-15,1
2001-12-16,2
2001-12-19,3
2001-12-21,2
2001-12-24,1
2001-12-25,1
2001-12-27,1
2001-12-29,2
2001-12-31,3
2002-01-01,47
2002-01-02,4
2002-01-04,2
2002-01-06,2
2002-01-09,2
2002-01-10,1
2002-01-11,1
2002-01-16,1
2002-01-21,1
2002-01-31,1
2002-02-01,12
2002-02-06,1
2002-02-07,1
2002-02-08,1
2002-02-09,1
2002-02-15,1
2002-02-16,2
2002-02-20,1
2002-02-21,1
2002-02-22,3
2002-02-26,1
2002-02-27,1
2002-02-28,1
2002-03-01,6
2002-03-05,1
2002-03-06,1
2002-03-11,2
2002-03-13,1
2002-03-18,1
2002-03-21,1
2002-03-23,1
2002-03-27,1
2002-04-01,5
2002-04-03,1
2002-04-05,2
2002-04-08,1
2002-04-12,1
2002-04-15,1
2002-04-17,1
2002-04-19,2
2002-04-20,2
2002-04-21,1
2002-04-22,1
2002-04-23,1
2002-04-26,1
2002-04-29,1
2002-05-01,8
2002-05-06,1
2002-05-10,1
2002-05-14,2
2002-05-16,1
2002-05-20,1
2002-05-21,2
2002-05-23,1
2002-05-24,1
2002-05-29,1
2002-05-30,1
2002-05-31,1
2002-06-01,11
2002-06-11,1
2002-06-12,1
2002-06-17,1
2002-06-23,2
2002-06-24,1
2002-06-25,1
2002-06-26,2
2002-07-01,9
2002-07-10,1
2002-07-11,1
2002-07-12,1
2002-07-16,1
2002-07-18,1
2002-07-20,1
2002-07-21,1
2002-07-22,1
2002-07-24,1
2002-07-30,1
2002-07-31,2
2002-08-01,9
2002-08-02,1
2002-08-04,3
2002-08-05,2
2002-08-08,1
2002-08-10,1
2002-08-16,1
2002-08-18,1
2002-08-19,1
2002-08-20,1
2002-08-21,1
2002-08-22,1
2002-08-24,1
2002-08-25,1
2002-08-27,1
2002-08-28,2
2002-08-31,1
2002-09-01,12
2002-09-04,1
2002-09-06,1
2002-09-08,1
2002-09-09,1
2002-09-10,1
2002-09-12,1
2002-09-15,1
2002-09-16,1
2002-09-18,1
2002-09-21,2
2002-09-22,1
2002-09-24,2
2002-09-25,1
2002-09-27,1
2002-09-28,2
2002-10-01,13
2002-10-02,2
2002-10-03,1
2002-10-04,1
2002-10-05,1
2002-10-09,1
2002-10-11,1
2002-10-12,1
2002-10-13,1
2002-10-15,2
2002-10-16,1
2002-10-18,1
2002-10-22,1
2002-10-24,1
2002-10-25,1
2002-10-26,1
2002-10-30,2
2002-10-31,2
2002-11-01,9
2002-11-02,2
2002-11-03,1
2002-11-04,2
2002-11-07,1
2002-11-08,2
2002-11-11,3
2002-11-13,1
2002-11-14,1
2002-11-15,1
2002-11-20,1
2002-11-22,3
2002-11-23,1
2002-11-24,2
2002-11-25,1
2002-11-27,2
2002-11-30,1
2002-12-01,9
2002-12-02,2
2002-12-04,1
2002-12-07,1
2002-12-11,1
2002-12-12,1
2002-12-14,2
2002-12-21,1
2002-12-22,1
2002-12-23,1
2002-12-24,1
2002-12-27,1
2002-12-28,2
2002-12-30,1
2002-12-31,1
2003-01-01,45
2003-01-02,2
2003-01-03,3
2003-01-04,1
2003-01-05,3
2003-01-06,1
2003-01-07,2
2003-01-10,1
2003-01-11,3
2003-01-12,1
2003-01-13,1
2003-01-15,2
2003-01-16,2
2003-01-17,1
2003-01-19,1
2003-01-20,1
2003-01-21,1
2003-01-22,1
2003-01-23,2
2003-01-24,3
2003-01-26,1
2003-01-27,1
2003-01-28,1
2003-01-29,1
2003-01-30,2
2003-01-31,1
2003-02-01,10
2003-02-02,2
2003-02-03,6
2003-02-04,1
2003-02-05,1
2003-02-11,1
2003-02-15,1
2003-02-16,1
2003-02-17,1
2003-02-20,1
2003-02-21,2
2003-02-23,1
2003-02-25,1
2003-02-26,1
2003-03-01,16
2003-03-02,2
2003-03-03,1
2003-03-04,2
2003-03-05,2
2003-03-08,1
2003-03-11,3
2003-03-14,1
2003-03-15,1
2003-03-16,4
2003-03-18,3
2003-03-20,1
2003-03-21,1
2003-03-22,1
2003-03-24,2
2003-03-28,1
2003-03-30,1
2003-03-31,2
2003-04-01,10
2003-04-02,1
2003-04-03,2
2003-04-04,1
2003-04-05,1
2003-04-07,1
2003-04-10,2
2003-04-13,1
2003-04-15,1
2003-04-16,2
2003-04-17,1
2003-04-19,1
2003-04-20,1
2003-04-22,1
2003-04-24,1
2003-04-28,1
2003-04-29,2
2003-04-30,2
2003-05-01,11
2003-05-02,2
2003-05-03,1
2003-05-04,1
2003-05-06,2
2003-05-07,2
2003-05-13,1
2003-05-15,1
2003-05-16,1
2003-05-17,1
2003-05-18,1
2003-05-19,2
2003-05-20,2
2003-05-21,1
2003-05-22,1
2003-05-23,2
2003-05-29,1
2003-06-01,6
2003-06-02,1
2003-06-03,2
2003-06-04,2
2003-06-07,1
2003-06-09,2
2003-06-13,1
2003-06-16,1
2003-06-18,2
2003-06-19,1
2003-06-21,2
2003-06-22,1
2003-06-25,2
2003-06-30,2
2003-07-01,9
2003-07-02,2
2003-07-03,1
2003-07-04,1
2003-07-07,2
2003-07-09,2
2003-07-14,1
2003-07-15,1
2003-07-16,3
2003-07-18,2
2003-07-20,2
2003-07-21,1
2003-07-24,1
2003-07-31,1
2003-08-01,9
2003-08-03,1
2003-08-04,1
2003-08-07,1
2003-08-11,1
2003-08-12,1
2003-08-14,1
2003-08-15,1
2003-08-19,1
2003-08-20,1
2003-08-21,2
2003-08-23,1
2003-08-24,1
2003-08-27,1
2003-08-29,1
2003-08-31,1
2003-09-01,8
2003-09-02,1
2003-09-03,4
2003-09-07,2
2003-09-08,1
2003-09-10,1
2003-09-11,4
2003-09-12,1
2003-09-13,1
2003-09-15,2
2003-09-16,2
2003-09-17,2
2003-09-18,2
2003-09-20,1
2003-09-23,2
2003-09-24,1
2003-09-25,2
2003-09-26,1
2003-09-29,1
2003-09-30,3
2003-10-01,13
2003-10-02,3
2003-10-03,3
2003-10-04,3
2003-10-06,3
2003-10-07,2
2003-10-08,1
2003-10-10,1
2003-10-11,1
2003-10-13,2
2003-10-15,2
2003-10-16,1
2003-10-18,1
2003-10-22,2
2003-10-24,1
2003-10-25,1
2003-10-26,1
2003-10-27,4
2003-10-29,1
2003-10-30,1
2003-11-01,16
2003-11-02,1
2003-11-03,2
2003-11-07,2
2003-11-09,1
2003-11-10,2
2003-11-12,1
2003-11-13,2
2003-11-14,1
2003-11-18,1
2003-11-19,1
2003-11-20,1
2003-11-21,1
2003-11-23,1
2003-11-28,1
2003-12-01,9
2003-12-02,1
2003-12-03,4
2003-12-04,2
2003-12-06,1
2003-12-09,1
2003-12-10,1
2003-12-11,1
2003-12-12,1
2003-12-13,1
2003-12-15,3
2003-12-17,1
2003-12-18,1
2003-12-19,1
2003-12-22,2
2003-12-26,2
2003-12-27,1
2003-12-28,1
2003-12-29,2
2003-12-30,2
2003-12-31,4
2004-01-01,45
2004-01-02,4
2004-01-04,2
2004-01-05,2
2004-01-06,3
2004-01-07,2
2004-01-09,1
2004-01-11,1
2004-01-12,1
2004-01-13,2
2004-01-14,1
2004-01-15,4
2004-01-19,1
2004-01-22,1
2004-01-23,3
2004-01-24,1
2004-01-26,1
2004-01-28,1
2004-01-31,3
2004-02-01,11
2004-02-02,2
2004-02-04,3
2004-02-06,2
2004-02-07,1
2004-02-09,2
2004-02-10,1
2004-02-11,2
2004-02-12,1
2004-02-13,1
2004-02-16,2
2004-02-18,1
2004-02-19,2
2004-02-23,3
2004-02-25,2
2004-02-27,1
2004-03-01,17
2004-03-02,2
2004-03-04,2
2004-03-06,1
2004-03-08,2
2004-03-09,1
2004-03-11,2
2004-03-13,1
2004-03-14,1
2004-03-15,2
2004-03-16,3
2004-03-18,1
2004-03-19,1
2004-03-20,1
2004-03-21,2
2004-03-22,1
2004-03-23,2
2004-03-27,2
2004-03-30,1
2004-03-31,4
2004-04-01,14
2004-04-02,1
2004-04-04,1
2004-04-05,2
2004-04-07,1
2004-04-08,2
2004-04-09,1
2004-04-11,3
2004-04-12,1
2004-04-13,1
2004-04-14,3
2004-04-15,1
2004-04-18,1
2004-04-19,2
2004-04-21,2
2004-04-22,1
2004-04-23,2
2004-04-25,2
2004-04-29,3
2004-04-30,1
2004-05-01,10
2004-05-03,1
2004-05-04,6
2004-05-05,2
2004-05-06,2
2004-05-07,1
2004-05-09,1
2004-05-10,1
2004-05-11,2
2004-05-12,2
2004-05-15,1
2004-05-19,1
2004-05-20,1
2004-05-21,1
2004-05-22,2
2004-05-26,1
2004-05-29,1
2004-05-30,1
2004-06-01,16
2004-06-04,2
2004-06-05,2
2004-06-06,1
2004-06-07,2
2004-06-08,2
2004-06-10,2
2004-06-11,1
2004-06-12,1
2004-06-13,1
2004-06-14,2
2004-06-15,3
2004-06-16,2
2004-06-18,2
2004-06-20,2
2004-06-21,1
2004-06-22,1
2004-06-23,2
2004-06-24,1
2004-06-26,1
2004-06-27,1
2004-06-28,2
2004-06-30,1
2004-07-01,16
2004-07-02,5
2004-07-03,1
2004-07-04,2
2004-07-05,1
2004-07-06,1
2004-07-07,2
2004-07-09,2
2004-07-12,1
2004-07-14,1
2004-07-15,2
2004-07-16,1
2004-07-19,1
2004-07-20,1
2004-07-21,2
2004-07-23,1
2004-07-24,1
2004-07-25,1
2004-07-26,1
2004-07-27,1
2004-07-28,2
2004-07-29,1
2004-07-30,2
2004-08-01,16
2004-08-02,5
2004-08-03,4
2004-08-04,2
2004-08-06,1
2004-08-07,1
2004-08-10,1
2004-08-12,2
2004-08-13,2
2004-08-14,3
2004-08-15,4
2004-08-16,1
2004-08-17,1
2004-08-18,1
2004-08-19,1
2004-08-20,3
2004-08-21,1
2004-08-22,1
2004-08-23,2
2004-08-24,2
2004-08-25,3
2004-08-27,2
2004-08-29,1
2004-08-30,3
2004-08-31,1
2004-09-01,24
2004-09-02,1
2004-09-04,3
2004-09-05,3
2004-09-08,2
2004-09-09,3
2004-09-10,1
2004-09-14,2
2004-09-15,5
2004-09-16,1
2004-09-18,1
2004-09-19,1
2004-09-20,1
2004-09-21,2
2004-09-22,2
2004-09-23,1
2004-09-24,1
2004-09-27,2
2004-09-29,5
2004-09-30,1
2004-10-01,9
2004-10-02,3
2004-10-03,2
2004-10-04,3
2004-10-05,1
2004-10-06,1
2004-10-07,5
2004-10-08,1
2004-10-10,3
2004-10-11,1
2004-10-12,1
2004-10-13,1
2004-10-14,1
2004-10-15,5
2004-10-16,1
2004-10-17,1
2004-10-18,2
2004-10-19,2
2004-10-21,1
2004-10-22,2
2004-10-24,1
2004-10-27,2
2004-10-28,2
2004-10-29,2
2004-10-30,3
2004-11-01,24
2004-11-02,1
2004-11-03,1
2004-11-04,3
2004-11-06,1
2004-11-07,1
2004-11-09,1
2004-11-10,1
2004-11-11,1
2004-11-12,1
2004-11-13,2
2004-11-14,1
2004-11-15,3
2004-11-16,2
2004-11-17,3
2004-11-18,3
2004-11-19,4
2004-11-21,2
2004-11-22,3
2004-11-24,4
2004-11-25,1
2004-11-27,3
2004-11-28,1
2004-11-29,3
2004-11-30,6
2004-12-01,23
2004-12-02,4
2004-12-03,3
2004-12-04,2
2004-12-05,2
2004-12-07,1
2004-12-08,1
2004-12-09,1
2004-12-10,2
2004-12-12,1
2004-12-13,4
2004-12-14,2
2004-12-15,3
2004-12-17,2
2004-12-18,1
2004-12-20,4
2004-12-21,2
2004-12-22,1
2004-12-23,3
2004-12-24,3
2004-12-27,2
2004-12-28,1
2004-12-29,2
2004-12-30,1
2004-12-31,4
2005-01-01,78
2005-01-02,6
2005-01-03,13
2005-01-04,3
2005-01-05,12
2005-01-06,6
2005-01-07,10
2005-01-08,5
2005-01-09,10
2005-01-10,4
2005-01-11,3
2005-01-13,4
2005-01-14,3
2005-01-15,5
2005-01-16,4
2005-01-17,4
2005-01-18,2
2005-01-19,6
2005-01-20,5
2005-01-21,1
2005-01-22,6
2005-01-23,2
2005-01-24,6
2005-01-25,2
2005-01-26,1
2005-01-27,2
2005-01-28,2
2005-01-29,2
2005-01-30,4
2005-01-31,8
2005-02-01,27
2005-02-02,3
2005-02-03,1
2005-02-04,3
2005-02-05,7
2005-02-06,4
2005-02-07,5
2005-02-08,2
2005-02-09,2
2005-02-10,3
2005-02-11,5
2005-02-13,2
2005-02-14,5
2005-02-15,3
2005-02-16,4
2005-02-17,2
2005-02-18,4
2005-02-19,4
2005-02-20,1
2005-02-22,3
2005-02-23,4
2005-02-24,6
2005-02-25,2
2005-02-26,1
2005-02-28,4
2005-03-01,31
2005-03-02,7
2005-03-03,6
2005-03-04,2
2005-03-05,5
2005-03-06,6
2005-03-07,1
2005-03-08,1
2005-03-09,3
2005-03-10,1
2005-03-11,2
2005-03-12,1
2005-03-13,2
2005-03-14,2
2005-03-15,6
2005-03-16,5
2005-03-17,2
2005-03-18,3
2005-03-20,1
2005-03-21,4
2005-03-22,5
2005-03-23,4
2005-03-24,5
2005-03-25,4
2005-03-26,1
2005-03-27,1
2005-03-28,1
2005-03-30,4
2005-03-31,1
2005-04-01,29
2005-04-02,4
2005-04-03,7
2005-04-04,3
2005-04-05,7
2005-04-07,2
2005-04-08,4
2005-04-09,3
2005-04-10,1
2005-04-11,3
2005-04-12,3
2005-04-13,3
2005-04-14,3
2005-04-15,14
2005-04-16,2
2005-04-17,1
2005-04-18,1
2005-04-19,3
2005-04-20,5
2005-04-21,3
2005-04-22,3
2005-04-23,2
2005-04-24,3
2005-04-25,5
2005-04-26,3
2005-04-27,5
2005-04-28,2
2005-04-29,1
2005-04-30,5
2005-05-01,35
2005-05-02,4
2005-05-03,3
2005-05-04,1
2005-05-05,9
2005-05-06,3
2005-05-07,1
2005-05-08,4
2005-05-09,4
2005-05-11,2
2005-05-12,4
2005-05-13,1
2005-05-14,2
2005-05-15,5
2005-05-16,4
2005-05-17,3
2005-05-18,5
2005-05-19,3
2005-05-20,4
2005-05-21,2
2005-05-23,1
2005-05-24,3
2005-05-25,6
2005-05-26,4
2005-05-27,4
2005-05-28,3
2005-05-29,2
2005-05-30,3
2005-05-31,3
2005-06-01,40
2005-06-02,3
2005-06-03,1
2005-06-04,1
2005-06-05,3
2005-06-06,6
2005-06-07,6
2005-06-08,2
2005-06-09,2
2005-06-10,7
2005-06-11,2
2005-06-13,2
2005-06-14,1
2005-06-15,7
2005-06-16,7
2005-06-17,5
2005-06-18,3
2005-06-20,9
2005-06-21,4
2005-06-22,2
2005-06-23,4
2005-06-24,3
2005-06-25,3
2005-06-26,1
2005-06-27,7
2005-06-28,3
2005-06-30,6
2005-07-01,37
2005-07-02,3
2005-07-03,4
2005-07-04,5
2005-07-05,7
2005-07-06,2
2005-07-07,7
2005-07-08,3
2005-07-09,2
2005-07-10,1
2005-07-11,5
2005-07-12,5
2005-07-13,3
2005-07-14,7
2005-07-15,5
2005-07-16,2
2005-07-17,3
2005-07-18,6
2005-07-19,5
2005-07-20,7
2005-07-21,3
2005-07-22,8
2005-07-24,3
2005-07-25,7
2005-07-26,3
2005-07-27,2
2005-07-28,3
2005-07-29,5
2005-07-30,4
2005-07-31,1
2005-08-01,63
2005-08-02,5
2005-08-03,7
2005-08-04,5
2005-08-05,10
2005-08-06,2
2005-08-07,1
2005-08-08,7
2005-08-09,5
2005-08-10,5
2005-08-11,4
2005-08-12,4
2005-08-13,1
2005-08-14,5
2005-08-15,16
2005-08-16,6
2005-08-17,7
2005-08-18,3
2005-08-19,6
2005-08-20,10
2005-08-21,5
2005-08-22,7
2005-08-23,7
2005-08-24,6
2005-08-25,5
2005-08-26,3
2005-08-27,4
2005-08-28,6
2005-08-29,5
2005-08-30,6
2005-08-31,11
2005-09-01,67
2005-09-02,10
2005-09-03,5
2005-09-04,3
2005-09-05,9
2005-09-06,9
2005-09-07,8
2005-09-08,5
2005-09-09,7
2005-09-10,8
2005-09-11,4
2005-09-12,7
2005-09-13,5
2005-09-14,7
2005-09-15,18
2005-09-16,8
2005-09-17,2
2005-09-18,5
2005-09-19,9
2005-09-20,12
2005-09-21,8
2005-09-22,8
2005-09-23,7
2005-09-24,7
2005-09-25,2
2005-09-26,5
2005-09-27,8
2005-09-28,5
2005-09-29,7
2005-09-30,15
2005-10-01,68
2005-10-02,2
2005-10-03,10
2005-10-04,9
2005-10-05,27
2005-10-06,12
2005-10-07,7
2005-10-08,4
2005-10-09,3
2005-10-10,20
2005-10-11,7
2005-10-12,9
2005-10-13,9
2005-10-14,10
2005-10-15,19
2005-10-17,9
2005-10-18,10
2005-10-19,13
2005-10-20,13
2005-10-21,8
2005-10-22,6
2005-10-23,3
2005-10-24,14
2005-10-25,14
2005-10-26,10
2005-10-27,12
2005-10-28,13
2005-10-29,9
2005-10-30,9
2005-10-31,16
2005-11-01,96
2005-11-02,13
2005-11-03,14
2005-11-04,11
2005-11-05,29
2005-11-06,7
2005-11-07,18
2005-11-08,7
2005-11-09,11
2005-11-10,13
2005-11-11,10
2005-11-12,13
2005-11-13,7
2005-11-14,23
2005-11-15,27
2005-11-16,17
2005-11-17,13
2005-11-18,17
2005-11-19,12
2005-11-20,16
2005-11-21,15
2005-11-22,22
2005-11-23,17
2005-11-24,12
2005-11-25,27
2005-11-26,10
2005-11-27,15
2005-11-28,21
2005-11-29,15
2005-11-30,27
2005-12-01,121
2005-12-02,29
2005-12-03,24
2005-12-04,19
2005-12-05,52
2005-12-06,23
2005-12-07,36
2005-12-08,30
2005-12-09,30
2005-12-10,33
2005-12-11,17
2005-12-12,59
2005-12-13,27
2005-12-14,42
2005-12-15,76
2005-12-16,47
2005-12-17,41
2005-12-18,25
2005-12-19,36
2005-12-20,68
2005-12-21,43
2005-12-22,53
2005-12-23,86
2005-12-24,39
2005-12-25,28
2005-12-26,49
2005-12-27,83
2005-12-28,60
2005-12-29,98
2005-12-30,172
2005-12-31,201
2006-01-01,474
2006-01-02,320
2006-01-03,376
2006-01-04,403
2006-01-05,381
2006-01-06,421
2006-01-07,341
2006-01-08,317
2006-01-09,374
2006-01-10,407
2006-01-11,392
2006-01-12,394
2006-01-13,465
2006-01-14,342
2006-01-15,318
2006-01-16,274
2006-01-17,418
2006-01-18,397
2006-01-19,423
2006-01-20,475
2006-01-21,380
2006-01-22,302
2006-01-23,387
2006-01-24,377
2006-01-25,391
2006-01-26,342
2006-01-27,399
2006-01-28,318
2006-01-29,314
2006-01-30,375
2006-01-31,310
2006-02-01,490
2006-02-02,369
2006-02-03,414
2006-02-04,345
2006-02-05,289
2006-02-06,358
2006-02-07,358
2006-02-08,346
2006-02-09,327
2006-02-10,424
2006-02-11,331
2006-02-12,150
2006-02-13,279
2006-02-14,326
2006-02-15,377
2006-02-16,323
2006-02-17,419
2006-02-18,306
2006-02-19,228
2006-02-20,274
2006-02-21,379
2006-02-22,333
2006-02-23,381
2006-02-24,296
2006-02-25,296
2006-02-26,260
2006-02-27,348
2006-02-28,370
2006-03-01,442
2006-03-02,325
2006-03-03,439
2006-03-04,300
2006-03-05,291
2006-03-06,347
2006-03-07,342
2006-03-08,360
2006-03-09,391
2006-03-10,408
2006-03-11,360
2006-03-12,247
2006-03-13,391
2006-03-14,360
2006-03-15,362
2006-03-16,381
2006-03-17,380
2006-03-18,320
2006-03-19,274
2006-03-20,362
2006-03-21,367
2006-03-22,371
2006-03-23,392
2006-03-24,382
2006-03-25,366
2006-03-26,280
2006-03-27,396
2006-03-28,377
2006-03-29,367
2006-03-30,370
2006-03-31,398
2006-04-01,444
2006-04-02,314
2006-04-03,333
2006-04-04,388
2006-04-05,377
2006-04-06,395
2006-04-07,407
2006-04-08,342
2006-04-09,260
2006-04-10,392
2006-04-11,355
2006-04-12,393
2006-04-13,378
2006-04-14,389
2006-04-15,375
2006-04-16,295
2006-04-17,363
2006-04-18,365
2006-04-19,382
2006-04-20,385
2006-04-21,420
2006-04-22,386
2006-04-23,283
2006-04-24,384
2006-04-25,366
2006-04-26,397
2006-04-27,391
2006-04-28,447
2006-04-29,372
2006-04-30,315
2006-05-01,514
2006-05-02,390
2006-05-03,404
2006-05-04,394
2006-05-05,469
2006-05-06,352
2006-05-07,297
2006-05-08,352
2006-05-09,377
2006-05-10,429
2006-05-11,454
2006-05-12,403
2006-05-13,366
2006-05-14,301
2006-05-15,389
2006-05-16,350
2006-05-17,412
2006-05-18,396
2006-05-19,401
2006-05-20,399
2006-05-21,321
2006-05-22,417
2006-05-23,413
2006-05-24,370
2006-05-25,411
2006-05-26,421
2006-05-27,358
2006-05-28,356
2006-05-29,324
2006-05-30,398
2006-05-31,398
2006-06-01,515
2006-06-02,419
2006-06-03,314
2006-06-04,329
2006-06-05,392
2006-06-06,379
2006-06-07,383
2006-06-08,379
2006-06-09,424
2006-06-10,371
2006-06-11,338
2006-06-12,425
2006-06-13,388
2006-06-14,432
2006-06-15,419
2006-06-16,427
2006-06-17,349
2006-06-18,316
2006-06-19,409
2006-06-20,525
2006-06-21,437
2006-06-22,428
2006-06-23,445
2006-06-24,387
2006-06-25,363
2006-06-26,450
2006-06-27,425
2006-06-28,401
2006-06-29,368
2006-06-30,443
2006-07-01,483
2006-07-02,336
2006-07-03,379
2006-07-04,286
2006-07-05,407
2006-07-06,417
2006-07-07,490
2006-07-08,374
2006-07-09,334
2006-07-10,458
2006-07-11,388
2006-07-12,397
2006-07-13,426
2006-07-14,446
2006-07-15,381
2006-07-16,318
2006-07-17,432
2006-07-18,413
2006-07-19,442
2006-07-20,472
2006-07-21,435
2006-07-22,352
2006-07-23,327
2006-07-24,408
2006-07-25,428
2006-07-26,410
2006-07-27,454
2006-07-28,462
2006-07-29,383
2006-07-30,354
2006-07-31,457
2006-08-01,516
2006-08-02,397
2006-08-03,431
2006-08-04,414
2006-08-05,405
2006-08-06,326
2006-08-07,436
2006-08-08,411
2006-08-09,479
2006-08-10,427
2006-08-11,479
2006-08-12,400
2006-08-13,356
2006-08-14,456
2006-08-15,456
2006-08-16,414
2006-08-17,436
2006-08-18,430
2006-08-19,357
2006-08-20,397
2006-08-21,433
2006-08-22,415
2006-08-23,418
2006-08-24,418
2006-08-25,457
2006-08-26,402
2006-08-27,330
2006-08-28,431
2006-08-29,364
2006-08-30,450
2006-08-31,418
2006-09-01,569
2006-09-02,356
2006-09-03,361
2006-09-04,351
2006-09-05,416
2006-09-06,416
2006-09-07,434
2006-09-08,415
2006-09-09,388
2006-09-10,370
2006-09-11,440
2006-09-12,398
2006-09-13,428
2006-09-14,415
2006-09-15,482
2006-09-16,390
2006-09-17,323
2006-09-18,414
2006-09-19,392
2006-09-20,440
2006-09-21,414
2006-09-22,463
2006-09-23,378
2006-09-24,327
2006-09-25,439
2006-09-26,375
2006-09-27,421
2006-09-28,446
2006-09-29,471
2006-09-30,432
2006-10-01,442
2006-10-02,420
2006-10-03,407
2006-10-04,423
2006-10-05,417
2006-10-06,484
2006-10-07,359
2006-10-08,357
2006-10-09,390
2006-10-10,447
2006-10-11,350
2006-10-12,466
2006-10-13,407
2006-10-14,388
2006-10-15,349
2006-10-16,390
2006-10-17,381
2006-10-18,389
2006-10-19,411
2006-10-20,485
2006-10-21,399
2006-10-22,355
2006-10-23,396
2006-10-24,373
2006-10-25,446
2006-10-26,399
2006-10-27,458
2006-10-28,399
2006-10-29,372
2006-10-30,371
2006-10-31,397
2006-11-01,546
2006-11-02,385
2006-11-03,447
2006-11-04,368
2006-11-05,315
2006-11-06,426
2006-11-07,365
2006-11-08,392
2006-11-09,409
2006-11-10,470
2006-11-11,405
2006-11-12,314
2006-11-13,377
2006-11-14,385
2006-11-15,441
2006-11-16,397
2006-11-17,474
2006-11-18,408
2006-11-19,337
2006-11-20,396
2006-11-21,377
2006-11-22,442
2006-11-23,238
2006-11-24,413
2006-11-25,380
2006-11-26,310
2006-11-27,441
2006-11-28,402
2006-11-29,388
2006-11-30,437
2006-12-01,574
2006-12-02,421
2006-12-03,332
2006-12-04,420
2006-12-05,391
2006-12-06,451
2006-12-07,386
2006-12-08,420
2006-12-09,340
2006-12-10,353
2006-12-11,431
2006-12-12,434
2006-12-13,421
2006-12-14,405
2006-12-15,492
2006-12-16,377
2006-12-17,325
2006-12-18,422
2006-12-19,399
2006-12-20,445
2006-12-21,460
2006-12-22,442
2006-12-23,391
2006-12-24,310
2006-12-25,206
2006-12-26,354
2006-12-27,378
2006-12-28,371
2006-12-29,373
2006-12-30,339
2006-12-31,294
2007-01-01,484
2007-01-02,404
2007-01-03,418
2007-01-04,381
2007-01-05,430
2007-01-06,377
2007-01-07,344
2007-01-08,371
2007-01-09,324
2007-01-10,398
2007-01-11,386
2007-01-12,423
2007-01-13,362
2007-01-14,347
2007-01-15,336
2007-01-16,375
2007-01-17,385
2007-01-18,362
2007-01-19,415
2007-01-20,360
2007-01-21,281
2007-01-22,330
2007-01-23,386
2007-01-24,390
2007-01-25,322
2007-01-26,333
2007-01-27,364
2007-01-28,310
2007-01-29,320
2007-01-30,346
2007-01-31,337
2007-02-01,388
2007-02-02,393
2007-02-03,285
2007-02-04,257
2007-02-05,331
2007-02-06,300
2007-02-07,325
2007-02-08,308
2007-02-09,377
2007-02-10,339
2007-02-11,230
2007-02-12,300
2007-02-13,327
2007-02-14,280
2007-02-15,287
2007-02-16,347
2007-02-17,325
2007-02-18,255
2007-02-19,270
2007-02-20,356
2007-02-21,330
2007-02-22,337
2007-02-23,373
2007-02-24,357
2007-02-25,296
2007-02-26,307
2007-02-27,368
2007-02-28,338
2007-03-01,412
2007-03-02,357
2007-03-03,355
2007-03-04,270
2007-03-05,345
2007-03-06,272
2007-03-07,323
2007-03-08,324
2007-03-09,371
2007-03-10,337
2007-03-11,287
2007-03-12,363
2007-03-13,350
2007-03-14,349
2007-03-15,364
2007-03-16,296
2007-03-17,264
2007-03-18,253
2007-03-19,325
2007-03-20,359
2007-03-21,309
2007-03-22,387
2007-03-23,387
2007-03-24,335
2007-03-25,315
2007-03-26,370
2007-03-27,344
2007-03-28,372
2007-03-29,356
2007-03-30,404
2007-03-31,330
2007-04-01,385
2007-04-02,305
2007-04-03,309
2007-04-04,299
2007-04-05,344
2007-04-06,360
2007-04-07,362
2007-04-08,221
2007-04-09,337
2007-04-10,331
2007-04-11,329
2007-04-12,323
2007-04-13,378
2007-04-14,332
2007-04-15,275
2007-04-16,337
2007-04-17,376
2007-04-18,329
2007-04-19,324
2007-04-20,408
2007-04-21,323
2007-04-22,281
2007-04-23,347
2007-04-24,386
2007-04-25,380
2007-04-26,386
2007-04-27,382
2007-04-28,394
2007-04-29,312
2007-04-30,353
2007-05-01,464
2007-05-02,381
2007-05-03,421
2007-05-04,390
2007-05-05,374
2007-05-06,284
2007-05-07,434
2007-05-08,366
2007-05-09,415
2007-05-10,393
2007-05-11,426
2007-05-12,399
2007-05-13,327
2007-05-14,397
2007-05-15,429
2007-05-16,412
2007-05-17,417
2007-05-18,451
2007-05-19,344
2007-05-20,334
2007-05-21,401
2007-05-22,394
2007-05-23,409
2007-05-24,417
2007-05-25,443
2007-05-26,367
2007-05-27,314
2007-05-28,292
2007-05-29,397
2007-05-30,393
2007-05-31,402
2007-06-01,467
2007-06-02,386
2007-06-03,303
2007-06-04,366
2007-06-05,444
2007-06-06,429
2007-06-07,439
2007-06-08,429
2007-06-09,354
2007-06-10,319
2007-06-11,390
2007-06-12,391
2007-06-13,397
2007-06-14,393
2007-06-15,498
2007-06-16,369
2007-06-17,308
2007-06-18,402
2007-06-19,410
2007-06-20,455
2007-06-21,405
2007-06-22,463
2007-06-23,414
2007-06-24,360
2007-06-25,428
2007-06-26,402
2007-06-27,430
2007-06-28,392
2007-06-29,403
2007-06-30,333
2007-07-01,438
2007-07-02,398
2007-07-03,427
2007-07-04,295
2007-07-05,408
2007-07-06,417
2007-07-07,370
2007-07-08,324
2007-07-09,407
2007-07-10,439
2007-07-11,403
2007-07-12,405
2007-07-13,435
2007-07-14,376
2007-07-15,326
2007-07-16,386
2007-07-17,387
2007-07-18,403
2007-07-19,413
2007-07-20,485
2007-07-21,396
2007-07-22,348
2007-07-23,369
2007-07-24,451
2007-07-25,466
2007-07-26,420
2007-07-27,464
2007-07-28,393
2007-07-29,378
2007-07-30,432
2007-07-31,403
2007-08-01,588
2007-08-02,434
2007-08-03,438
2007-08-04,348
2007-08-05,306
2007-08-06,380
2007-08-07,439
2007-08-08,400
2007-08-09,418
2007-08-10,411
2007-08-11,386
2007-08-12,350
2007-08-13,388
2007-08-14,387
2007-08-15,437
2007-08-16,385
2007-08-17,421
2007-08-18,357
2007-08-19,306
2007-08-20,412
2007-08-21,345
2007-08-22,419
2007-08-23,405
2007-08-24,465
2007-08-25,369
2007-08-26,333
2007-08-27,421
2007-08-28,427
2007-08-29,380
2007-08-30,409
2007-08-31,416
2007-09-01,438
2007-09-02,310
2007-09-03,309
2007-09-04,418
2007-09-05,393
2007-09-06,401
2007-09-07,451
2007-09-08,390
2007-09-09,345
2007-09-10,396
2007-09-11,389
2007-09-12,432
2007-09-13,380
2007-09-14,454
2007-09-15,428
2007-09-16,332
2007-09-17,425
2007-09-18,364
2007-09-19,385
2007-09-20,438
2007-09-21,449
2007-09-22,366
2007-09-23,330
2007-09-24,403
2007-09-25,385
2007-09-26,410
2007-09-27,449
2007-09-28,467
2007-09-29,374
2007-09-30,343
2007-10-01,479
2007-10-02,362
2007-10-03,406
2007-10-04,393
2007-10-05,478
2007-10-06,381
2007-10-07,308
2007-10-08,335
2007-10-09,419
2007-10-10,428
2007-10-11,354
2007-10-12,448
2007-10-13,363
2007-10-14,314
2007-10-15,407
2007-10-16,393
2007-10-17,365
2007-10-18,435
2007-10-19,402
2007-10-20,415
2007-10-21,329
2007-10-22,402
2007-10-23,427
2007-10-24,414
2007-10-25,434
2007-10-26,423
2007-10-27,399
2007-10-28,325
2007-10-29,364
2007-10-30,406
2007-10-31,398
2007-11-01,501
2007-11-02,419
2007-11-03,396
2007-11-04,326
2007-11-05,424
2007-11-06,389
2007-11-07,369
2007-11-08,390
2007-11-09,394
2007-11-10,421
2007-11-11,284
2007-11-12,354
2007-11-13,380
2007-11-14,389
2007-11-15,451
2007-11-16,414
2007-11-17,358
2007-11-18,371
2007-11-19,384
2007-11-20,421
2007-11-21,428
2007-11-22,235
2007-11-23,402
2007-11-24,349
2007-11-25,320
2007-11-26,386
2007-11-27,391
2007-11-28,373
2007-11-29,358
2007-11-30,450
2007-12-01,453
2007-12-02,282
2007-12-03,465
2007-12-04,361
2007-12-05,356
2007-12-06,426
2007-12-07,470
2007-12-08,358
2007-12-09,290
2007-12-10,429
2007-12-11,393
2007-12-12,426
2007-12-13,390
2007-12-14,437
2007-12-15,451
2007-12-16,311
2007-12-17,405
2007-12-18,437
2007-12-19,376
2007-12-20,432
2007-12-21,478
2007-12-22,412
2007-12-23,364
2007-12-24,423
2007-12-25,229
2007-12-26,331
2007-12-27,375
2007-12-28,395
2007-12-29,331
2007-12-30,323
2007-12-31,406
2008-01-01,453
2008-01-02,321
2008-01-03,352
2008-01-04,409
2008-01-05,385
2008-01-06,300
2008-01-07,395
2008-01-08,392
2008-01-09,366
2008-01-10,423
2008-01-11,410
2008-01-12,370
2008-01-13,353
2008-01-14,386
2008-01-15,408
2008-01-16,384
2008-01-17,356
2008-01-18,424
2008-01-19,391
2008-01-20,288
2008-01-21,312
2008-01-22,402
2008-01-23,376
2008-01-24,402
2008-01-25,423
2008-01-26,351
2008-01-27,318
2008-01-28,373
2008-01-29,365
2008-01-30,330
2008-01-31,366
2008-02-01,446
2008-02-02,363
2008-02-03,288
2008-02-04,357
2008-02-05,375
2008-02-06,327
2008-02-07,352
2008-02-08,414
2008-02-09,313
2008-02-10,236
2008-02-11,303
2008-02-12,332
2008-02-13,312
2008-02-14,315
2008-02-15,395
2008-02-16,297
2008-02-17,268
2008-02-18,317
2008-02-19,340
2008-02-20,338
2008-02-21,316
2008-02-22,338
2008-02-23,328
2008-02-24,266
2008-02-25,364
2008-02-26,294
2008-02-27,341
2008-02-28,354
2008-02-29,330
2008-03-01,370
2008-03-02,290
2008-03-03,326
2008-03-04,318
2008-03-05,317
2008-03-06,355
2008-03-07,438
2008-03-08,345
2008-03-09,313
2008-03-10,370
2008-03-11,312
2008-03-12,354
2008-03-13,337
2008-03-14,440
2008-03-15,353
2008-03-16,262
2008-03-17,336
2008-03-18,363
2008-03-19,351
2008-03-20,396
2008-03-21,369
2008-03-22,326
2008-03-23,266
2008-03-24,353
2008-03-25,352
2008-03-26,380
2008-03-27,357
2008-03-28,405
2008-03-29,333
2008-03-30,285
2008-03-31,353
2008-04-01,428
2008-04-02,364
2008-04-03,356
2008-04-04,404
2008-04-05,350
2008-04-06,261
2008-04-07,374
2008-04-08,353
2008-04-09,346
2008-04-10,326
2008-04-11,399
2008-04-12,328
2008-04-13,311
2008-04-14,361
2008-04-15,373
2008-04-16,364
2008-04-17,353
2008-04-18,414
2008-04-19,310
2008-04-20,296
2008-04-21,335
2008-04-22,346
2008-04-23,379
2008-04-24,381
2008-04-25,370
2008-04-26,331
2008-04-27,267
2008-04-28,362
2008-04-29,350
2008-04-30,367
2008-05-01,455
2008-05-02,423
2008-05-03,328
2008-05-04,299
2008-05-05,381
2008-05-06,340
2008-05-07,390
2008-05-08,383
2008-05-09,398
2008-05-10,387
2008-05-11,260
2008-05-12,355
2008-05-13,364
2008-05-14,368
2008-05-15,423
2008-05-16,388
2008-05-17,394
2008-05-18,292
2008-05-19,375
2008-05-20,368
2008-05-21,425
2008-05-22,424
2008-05-23,458
2008-05-24,370
2008-05-25,296
2008-05-26,298
2008-05-27,403
2008-05-28,424
2008-05-29,421
2008-05-30,453
2008-05-31,348
2008-06-01,416
2008-06-02,368
2008-06-03,394
2008-06-04,380
2008-06-05,384
2008-06-06,465
2008-06-07,318
2008-06-08,318
2008-06-09,358
2008-06-10,384
2008-06-11,380
2008-06-12,414
2008-06-13,426
2008-06-14,388
2008-06-15,306
2008-06-16,431
2008-06-17,426
2008-06-18,380
2008-06-19,417
2008-06-20,480
2008-06-21,381
2008-06-22,370
2008-06-23,407
2008-06-24,434
2008-06-25,419
2008-06-26,405
2008-06-27,406
2008-06-28,404
2008-06-29,362
2008-06-30,423
2008-07-01,489
2008-07-02,414
2008-07-03,434
2008-07-04,290
2008-07-05,324
2008-07-06,307
2008-07-07,379
2008-07-08,408
2008-07-09,402
2008-07-10,391
2008-07-11,487
2008-07-12,381
2008-07-13,332
2008-07-14,390
2008-07-15,423
2008-07-16,392
2008-07-17,429
2008-07-18,451
2008-07-19,392
2008-07-20,332
2008-07-21,419
2008-07-22,408
2008-07-23,421
2008-07-24,424
2008-07-25,453
2008-07-26,390
2008-07-27,370
2008-07-28,483
2008-07-29,452
2008-07-30,429
2008-07-31,443
2008-08-01,546
2008-08-02,382
2008-08-03,350
2008-08-04,427
2008-08-05,456
2008-08-06,407
2008-08-07,425
2008-08-08,468
2008-08-09,425
2008-08-10,375
2008-08-11,415
2008-08-12,431
2008-08-13,425
2008-08-14,431
2008-08-15,464
2008-08-16,389
2008-08-17,374
2008-08-18,406
2008-08-19,416
2008-08-20,454
2008-08-21,433
2008-08-22,451
2008-08-23,391
2008-08-24,364
2008-08-25,437
2008-08-26,429
2008-08-27,430
2008-08-28,490
2008-08-29,463
2008-08-30,385
2008-08-31,388
2008-09-01,433
2008-09-02,405
2008-09-03,408
2008-09-04,432
2008-09-05,484
2008-09-06,358
2008-09-07,341
2008-09-08,415
2008-09-09,430
2008-09-10,430
2008-09-11,405
2008-09-12,446
2008-09-13,363
2008-09-14,358
2008-09-15,451
2008-09-16,381
2008-09-17,433
2008-09-18,442
2008-09-19,459
2008-09-20,427
2008-09-21,335
2008-09-22,423
2008-09-23,443
2008-09-24,459
2008-09-25,445
2008-09-26,402
2008-09-27,365
2008-09-28,338
2008-09-29,423
2008-09-30,393
2008-10-01,478
2008-10-02,395
2008-10-03,442
2008-10-04,386
2008-10-05,361
2008-10-06,381
2008-10-07,385
2008-10-08,427
2008-10-09,393
2008-10-10,456
2008-10-11,373
2008-10-12,341
2008-10-13,366
2008-10-14,442
2008-10-15,449
2008-10-16,401
2008-10-17,453
2008-10-18,405
2008-10-19,355
2008-10-20,440
2008-10-21,413
2008-10-22,346
2008-10-23,375
2008-10-24,469
2008-10-25,368
2008-10-26,327
2008-10-27,429
2008-10-28,331
2008-10-29,418
2008-10-30,414
2008-10-31,415
2008-11-01,488
2008-11-02,332
2008-11-03,367
2008-11-04,358
2008-11-05,374
2008-11-06,450
2008-11-07,422
2008-11-08,358
2008-11-09,341
2008-11-10,386
2008-11-11,339
2008-11-12,409
2008-11-13,350
2008-11-14,426
2008-11-15,367
2008-11-16,304
2008-11-17,360
2008-11-18,375
2008-11-19,408
2008-11-20,406
2008-11-21,458
2008-11-22,333
2008-11-23,265
2008-11-24,399
2008-11-25,407
2008-11-26,412
2008-11-27,220
2008-11-28,453
2008-11-29,365
2008-11-30,289
2008-12-01,513
2008-12-02,412
2008-12-03,351
2008-12-04,367
2008-12-05,448
2008-12-06,353
2008-12-07,300
2008-12-08,350
2008-12-09,416
2008-12-10,442
2008-12-11,372
2008-12-12,485
2008-12-13,371
2008-12-14,320
2008-12-15,408
2008-12-16,390
2008-12-17,366
2008-12-18,457
2008-12-19,372
2008-12-20,372
2008-12-21,317
2008-12-22,349
2008-12-23,450
2008-12-24,348
2008-12-25,203
2008-12-26,367
2008-12-27,363
2008-12-28,323
2008-12-29,414
2008-12-30,301
2008-12-31,371
2009-01-01,371
2009-01-02,320
2009-01-03,345
2009-01-04,263
2009-01-05,418
2009-01-06,344
2009-01-07,329
2009-01-08,350
2009-01-09,384
2009-01-10,295
2009-01-11,246
2009-01-12,364
2009-01-13,373
2009-01-14,360
2009-01-15,327
2009-01-16,367
2009-01-17,303
2009-01-18,244
2009-01-19,245
2009-01-20,380
2009-01-21,348
2009-01-22,305
2009-01-23,389
2009-01-24,360
2009-01-25,253
2009-01-26,309
2009-01-27,325
2009-01-28,304
2009-01-29,309
2009-01-30,351
2009-01-31,330
2009-02-01,328
2009-02-02,333
2009-02-03,282
2009-02-04,272
2009-02-05,283
2009-02-06,330
2009-02-07,313
2009-02-08,275
2009-02-09,303
2009-02-10,385
2009-02-11,356
2009-02-12,335
2009-02-13,383
2009-02-14,283
2009-02-15,299
2009-02-16,317
2009-02-17,316
2009-02-18,312
2009-02-19,348
2009-02-20,331
2009-02-21,317
2009-02-22,240
2009-02-23,310
2009-02-24,306
2009-02-25,315
2009-02-26,349
2009-02-27,338
2009-02-28,301
2009-03-01,349
2009-03-02,241
2009-03-03,278
2009-03-04,299
2009-03-05,345
2009-03-06,384
2009-03-07,320
2009-03-08,286
2009-03-09,315
2009-03-10,353
2009-03-11,363
2009-03-12,340
2009-03-13,367
2009-03-14,315
2009-03-15,297
2009-03-16,326
2009-03-17,328
2009-03-18,325
2009-03-19,335
2009-03-20,379
2009-03-21,354
2009-03-22,294
2009-03-23,329
2009-03-24,379
2009-03-25,351
2009-03-26,343
2009-03-27,430
2009-03-28,326
2009-03-29,287
2009-03-30,361
2009-03-31,314
2009-04-01,380
2009-04-02,357
2009-04-03,355
2009-04-04,273
2009-04-05,309
2009-04-06,314
2009-04-07,357
2009-04-08,357
2009-04-09,349
2009-04-10,346
2009-04-11,292
2009-04-12,270
2009-04-13,315
2009-04-14,343
2009-04-15,310
2009-04-16,331
2009-04-17,347
2009-04-18,339
2009-04-19,279
2009-04-20,333
2009-04-21,370
2009-04-22,357
2009-04-23,356
2009-04-24,422
2009-04-25,342
2009-04-26,303
2009-04-27,358
2009-04-28,362
2009-04-29,387
2009-04-30,392
2009-05-01,484
2009-05-02,337
2009-05-03,286
2009-05-04,372
2009-05-05,394
2009-05-06,417
2009-05-07,296
2009-05-08,405
2009-05-09,330
2009-05-10,286
2009-05-11,386
2009-05-12,374
2009-05-13,405
2009-05-14,339
2009-05-15,422
2009-05-16,331
2009-05-17,305
2009-05-18,349
2009-05-19,333
2009-05-20,398
2009-05-21,340
2009-05-22,397
2009-05-23,362
2009-05-24,308
2009-05-25,347
2009-05-26,387
2009-05-27,341
2009-05-28,334
2009-05-29,402
2009-05-30,332
2009-05-31,295
2009-06-01,443
2009-06-02,397
2009-06-03,364
2009-06-04,329
2009-06-05,356
2009-06-06,338
2009-06-07,289
2009-06-08,383
2009-06-09,336
2009-06-10,370
2009-06-11,371
2009-06-12,397
2009-06-13,338
2009-06-14,315
2009-06-15,367
2009-06-16,364
2009-06-17,390
2009-06-18,348
2009-06-19,392
2009-06-20,350
2009-06-21,311
2009-06-22,402
2009-06-23,388
2009-06-24,341
2009-06-25,414
2009-06-26,384
2009-06-27,348
2009-06-28,341
2009-06-29,364
2009-06-30,423
2009-07-01,442
2009-07-02,385
2009-07-03,363
2009-07-04,317
2009-07-05,283
2009-07-06,366
2009-07-07,351
2009-07-08,373
2009-07-09,395
2009-07-10,439
2009-07-11,376
2009-07-12,318
2009-07-13,398
2009-07-14,375
2009-07-15,393
2009-07-16,393
2009-07-17,432
2009-07-18,392
2009-07-19,338
2009-07-20,419
2009-07-21,347
2009-07-22,398
2009-07-23,383
2009-07-24,402
2009-07-25,364
2009-07-26,343
2009-07-27,378
2009-07-28,426
2009-07-29,373
2009-07-30,363
2009-07-31,405
2009-08-01,452
2009-08-02,296
2009-08-03,383
2009-08-04,396
2009-08-05,380
2009-08-06,393
2009-08-07,451
2009-08-08,374
2009-08-09,290
2009-08-10,412
2009-08-11,340
2009-08-12,362
2009-08-13,422
2009-08-14,419
2009-08-15,407
2009-08-16,310
2009-08-17,413
2009-08-18,381
2009-08-19,340
2009-08-20,395
2009-08-21,413
2009-08-22,403
2009-08-23,338
2009-08-24,372
2009-08-25,414
2009-08-26,412
2009-08-27,386
2009-08-28,431
2009-08-29,383
2009-08-30,347
2009-08-31,403
2009-09-01,469
2009-09-02,389
2009-09-03,332
2009-09-04,422
2009-09-05,373
2009-09-06,314
2009-09-07,340
2009-09-08,367
2009-09-09,413
2009-09-10,408
2009-09-11,391
2009-09-12,385
2009-09-13,344
2009-09-14,408
2009-09-15,397
2009-09-16,386
2009-09-17,424
2009-09-18,440
2009-09-19,369
2009-09-20,342
2009-09-21,446
2009-09-22,392
2009-09-23,381
2009-09-24,407
2009-09-25,431
2009-09-26,348
2009-09-27,305
2009-09-28,385
2009-09-29,387
2009-09-30,408
2009-10-01,428
2009-10-02,450
2009-10-03,374
2009-10-04,326
2009-10-05,378
2009-10-06,389
2009-10-07,366
2009-10-08,379
2009-10-09,382
2009-10-10,406
2009-10-11,332
2009-10-12,345
2009-10-13,363
2009-10-14,373
2009-10-15,405
2009-10-16,420
2009-10-17,359
2009-10-18,294
2009-10-19,351
2009-10-20,372
2009-10-21,396
2009-10-22,399
2009-10-23,463
2009-10-24,347
2009-10-25,318
2009-10-26,404
2009-10-27,383
2009-10-28,366
2009-10-29,391
2009-10-30,456
2009-10-31,376
2009-11-01,369
2009-11-02,428
2009-11-03,393
2009-11-04,392
2009-11-05,396
2009-11-06,387
2009-11-07,341
2009-11-08,290
2009-11-09,375
2009-11-10,381
2009-11-11,356
2009-11-12,353
2009-11-13,419
2009-11-14,326
2009-11-15,342
2009-11-16,402
2009-11-17,393
2009-11-18,413
2009-11-19,363
2009-11-20,421
2009-11-21,336
2009-11-22,332
2009-11-23,342
2009-11-24,355
2009-11-25,375
2009-11-26,212
2009-11-27,452
2009-11-28,333
2009-11-29,301
2009-11-30,357
2009-12-01,415
2009-12-02,343
2009-12-03,336
2009-12-04,395
2009-12-05,327
2009-12-06,336
2009-12-07,366
2009-12-08,367
2009-12-09,358
2009-12-10,359
2009-12-11,402
2009-12-12,313
2009-12-13,325
2009-12-14,375
2009-12-15,407
2009-12-16,361
2009-12-17,363
2009-12-18,376
2009-12-19,322
2009-12-20,266
2009-12-21,320
2009-12-22,369
2009-12-23,371
2009-12-24,340
2009-12-25,180
2009-12-26,311
2009-12-27,307
2009-12-28,360
2009-12-29,349
2009-12-30,377
2009-12-31,332
2010-01-01,365
2010-01-02,314
2010-01-03,249
2010-01-04,363
2010-01-05,327
2010-01-06,329
2010-01-07,362
2010-01-08,378
2010-01-09,316
2010-01-10,321
2010-01-11,297
2010-01-12,328
2010-01-13,309
2010-01-14,359
2010-01-15,441
2010-01-16,335
2010-01-17,282
2010-01-18,326
2010-01-19,365
2010-01-20,378
2010-01-21,346
2010-01-22,422
2010-01-23,348
2010-01-24,287
2010-01-25,354
2010-01-26,298
2010-01-27,362
2010-01-28,350
2010-01-29,370
2010-01-30,299
2010-01-31,264
2010-02-01,385
2010-02-02,339
2010-02-03,307
2010-02-04,330
2010-02-05,346
2010-02-06,271
2010-02-07,264
2010-02-08,246
2010-02-09,314
2010-02-10,181
2010-02-11,258
2010-02-12,323
2010-02-13,285
2010-02-14,213
2010-02-15,244
2010-02-16,256
2010-02-17,282
2010-02-18,291
2010-02-19,301
2010-02-20,302
2010-02-21,238
2010-02-22,314
2010-02-23,309
2010-02-24,283
2010-02-25,277
2010-02-26,217
2010-02-27,282
2010-02-28,213
2010-03-01,347
2010-03-02,326
2010-03-03,327
2010-03-04,309
2010-03-05,366
2010-03-06,296
2010-03-07,259
2010-03-08,361
2010-03-09,293
2010-03-10,333
2010-03-11,294
2010-03-12,361
2010-03-13,218
2010-03-14,258
2010-03-15,352
2010-03-16,294
2010-03-17,343
2010-03-18,329
2010-03-19,382
2010-03-20,333
2010-03-21,319
2010-03-22,325
2010-03-23,363
2010-03-24,374
2010-03-25,328
2010-03-26,368
2010-03-27,293
2010-03-28,314
2010-03-29,312
2010-03-30,276
2010-03-31,367
2010-04-01,426
2010-04-02,331
2010-04-03,317
2010-04-04,265
2010-04-05,328
2010-04-06,346
2010-04-07,363
2010-04-08,381
2010-04-09,355
2010-04-10,359
2010-04-11,293
2010-04-12,355
2010-04-13,366
2010-04-14,378
2010-04-15,350
2010-04-16,414
2010-04-17,342
2010-04-18,302
2010-04-19,384
2010-04-20,380
2010-04-21,379
2010-04-22,372
2010-04-23,409
2010-04-24,333
2010-04-25,258
2010-04-26,361
2010-04-27,339
2010-04-28,377
2010-04-29,371
2010-04-30,414
2010-05-01,368
2010-05-02,291
2010-05-03,330
2010-05-04,358
2010-05-05,371
2010-05-06,389
2010-05-07,398
2010-05-08,363
2010-05-09,279
2010-05-10,356
2010-05-11,344
2010-05-12,366
2010-05-13,360
2010-05-14,429
2010-05-15,344
2010-05-16,278
2010-05-17,353
2010-05-18,297
2010-05-19,361
2010-05-20,377
2010-05-21,391
2010-05-22,362
2010-05-23,285
2010-05-24,370
2010-05-25,380
2010-05-26,358
2010-05-27,336
2010-05-28,409
2010-05-29,380
2010-05-30,334
2010-05-31,297
2010-06-01,426
2010-06-02,335
2010-06-03,368
2010-06-04,446
2010-06-05,354
2010-06-06,323
2010-06-07,352
2010-06-08,376
2010-06-09,389
2010-06-10,393
2010-06-11,438
2010-06-12,357
2010-06-13,304
2010-06-14,367
2010-06-15,385
2010-06-16,377
2010-06-17,420
2010-06-18,405
2010-06-19,377
2010-06-20,350
2010-06-21,394
2010-06-22,353
2010-06-23,406
2010-06-24,372
2010-06-25,422
2010-06-26,363
2010-06-27,341
2010-06-28,405
2010-06-29,402
2010-06-30,429
2010-07-01,456
2010-07-02,394
2010-07-03,340
2010-07-04,307
2010-07-05,282
2010-07-06,358
2010-07-07,386
2010-07-08,379
2010-07-09,394
2010-07-10,377
2010-07-11,322
2010-07-12,402
2010-07-13,369
2010-07-14,408
2010-07-15,419
2010-07-16,429
2010-07-17,377
2010-07-18,339
2010-07-19,416
2010-07-20,388
2010-07-21,403
2010-07-22,423
2010-07-23,399
2010-07-24,379
2010-07-25,321
2010-07-26,450
2010-07-27,417
2010-07-28,383
2010-07-29,428
2010-07-30,402
2010-07-31,359
2010-08-01,383
2010-08-02,435
2010-08-03,365
2010-08-04,330
2010-08-05,378
2010-08-06,419
2010-08-07,361
2010-08-08,344
2010-08-09,366
2010-08-10,414
2010-08-11,417
2010-08-12,384
2010-08-13,401
2010-08-14,395
2010-08-15,349
2010-08-16,384
2010-08-17,384
2010-08-18,368
2010-08-19,402
2010-08-20,387
2010-08-21,353
2010-08-22,302
2010-08-23,360
2010-08-24,395
2010-08-25,374
2010-08-26,408
2010-08-27,416
2010-08-28,318
2010-08-29,328
2010-08-30,399
2010-08-31,393
2010-09-01,417
2010-09-02,351
2010-09-03,419
2010-09-04,360
2010-09-05,336
2010-09-06,334
2010-09-07,377
2010-09-08,449
2010-09-09,396
2010-09-10,455
2010-09-11,365
2010-09-12,325
2010-09-13,381
2010-09-14,415
2010-09-15,424
2010-09-16,357
2010-09-17,422
2010-09-18,385
2010-09-19,347
2010-09-20,369
2010-09-21,424
2010-09-22,380
2010-09-23,432
2010-09-24,430
2010-09-25,384
2010-09-26,344
2010-09-27,379
2010-09-28,368
2010-09-29,411
2010-09-30,382
2010-10-01,432
2010-10-02,418
2010-10-03,325
2010-10-04,346
2010-10-05,421
2010-10-06,396
2010-10-07,408
2010-10-08,400
2010-10-09,377
2010-10-10,340
2010-10-11,362
2010-10-12,380
2010-10-13,403
2010-10-14,407
2010-10-15,416
2010-10-16,379
2010-10-17,333
2010-10-18,389
2010-10-19,363
2010-10-20,404
2010-10-21,413
2010-10-22,470
2010-10-23,377
2010-10-24,342
2010-10-25,382
2010-10-26,419
2010-10-27,400
2010-10-28,414
2010-10-29,423
2010-10-30,351
2010-10-31,338
2010-11-01,392
2010-11-02,345
2010-11-03,364
2010-11-04,335
2010-11-05,406
2010-11-06,321
2010-11-07,334
2010-11-08,315
2010-11-09,366
2010-11-10,393
2010-11-11,327
2010-11-12,430
2010-11-13,373
2010-11-14,318
2010-11-15,391
2010-11-16,349
2010-11-17,422
2010-11-18,406
2010-11-19,401
2010-11-20,390
2010-11-21,282
2010-11-22,388
2010-11-23,362
2010-11-24,391
2010-11-25,197
2010-11-26,458
2010-11-27,403
2010-11-28,319
2010-11-29,375
2010-11-30,399
2010-12-01,433
2010-12-02,351
2010-12-03,404
2010-12-04,341
2010-12-05,260
2010-12-06,343
2010-12-07,351
2010-12-08,343
2010-12-09,330
2010-12-10,419
2010-12-11,387
2010-12-12,283
2010-12-13,369
2010-12-14,332
2010-12-15,356
2010-12-16,369
2010-12-17,412
2010-12-18,373
2010-12-19,293
2010-12-20,365
2010-12-21,418
2010-12-22,392
2010-12-23,427
2010-12-24,371
2010-12-25,183
2010-12-26,197
2010-12-27,108
2010-12-28,217
2010-12-29,244
2010-12-30,317
2010-12-31,327
2011-01-01,375
2011-01-02,245
2011-01-03,316
2011-01-04,345
2011-01-05,318
2011-01-06,298
2011-01-07,322
2011-01-08,284
2011-01-09,232
2011-01-10,304
2011-01-11,314
2011-01-12,243
2011-01-13,290
2011-01-14,343
2011-01-15,363
2011-01-16,285
2011-01-17,261
2011-01-18,329
2011-01-19,303
2011-01-20,323
2011-01-21,330
2011-01-22,280
2011-01-23,276
2011-01-24,295
2011-01-25,308
2011-01-26,256
2011-01-27,211
2011-01-28,257
2011-01-29,271
2011-01-30,261
2011-01-31,281
2011-02-01,343
2011-02-02,263
2011-02-03,287
2011-02-04,351
2011-02-05,276
2011-02-06,266
2011-02-07,256
2011-02-08,294
2011-02-09,323
2011-02-10,350
2011-02-11,352
2011-02-12,305
2011-02-13,257
2011-02-14,328
2011-02-15,343
2011-02-16,333
2011-02-17,343
2011-02-18,333
2011-02-19,274
2011-02-20,267
2011-02-21,229
2011-02-22,299
2011-02-23,347
2011-02-24,286
2011-02-25,314
2011-02-26,318
2011-02-27,274
2011-02-28,295
2011-03-01,381
2011-03-02,315
2011-03-03,317
2011-03-04,371
2011-03-05,331
2011-03-06,245
2011-03-07,332
2011-03-08,314
2011-03-09,344
2011-03-10,336
2011-03-11,372
2011-03-12,355
2011-03-13,278
2011-03-14,321
2011-03-15,359
2011-03-16,296
2011-03-17,350
2011-03-18,394
2011-03-19,290
2011-03-20,271
2011-03-21,308
2011-03-22,314
2011-03-23,343
2011-03-24,322
2011-03-25,357
2011-03-26,339
2011-03-27,281
2011-03-28,322
2011-03-29,303
2011-03-30,360
2011-03-31,324
2011-04-01,431
2011-04-02,315
2011-04-03,317
2011-04-04,309
2011-04-05,329
2011-04-06,376
2011-04-07,327
2011-04-08,331
2011-04-09,356
2011-04-10,275
2011-04-11,347
2011-04-12,313
2011-04-13,322
2011-04-14,359
2011-04-15,429
2011-04-16,291
2011-04-17,309
2011-04-18,373
2011-04-19,301
2011-04-20,331
2011-04-21,344
2011-04-22,391
2011-04-23,306
2011-04-24,250
2011-04-25,309
2011-04-26,325
2011-04-27,351
2011-04-28,350
2011-04-29,381
2011-04-30,337
2011-05-01,339
2011-05-02,359
2011-05-03,341
2011-05-04,352
2011-05-05,301
2011-05-06,401
2011-05-07,346
2011-05-08,278
2011-05-09,373
2011-05-10,353
2011-05-11,372
2011-05-12,378
2011-05-13,418
2011-05-14,325
2011-05-15,326
2011-05-16,328
2011-05-17,325
2011-05-18,382
2011-05-19,361
2011-05-20,426
2011-05-21,326
2011-05-22,305
2011-05-23,398
2011-05-24,383
2011-05-25,394
2011-05-26,369
2011-05-27,417
2011-05-28,377
2011-05-29,301
2011-05-30,302
2011-05-31,367
2011-06-01,461
2011-06-02,378
2011-06-03,381
2011-06-04,381
2011-06-05,314
2011-06-06,370
2011-06-07,367
2011-06-08,363
2011-06-09,388
2011-06-10,389
2011-06-11,312
2011-06-12,340
2011-06-13,363
2011-06-14,380
2011-06-15,424
2011-06-16,430
2011-06-17,363
2011-06-18,346
2011-06-19,311
2011-06-20,380
2011-06-21,418
2011-06-22,398
2011-06-23,377
2011-06-24,414
2011-06-25,374
2011-06-26,313
2011-06-27,401
2011-06-28,383
2011-06-29,402
2011-06-30,427
2011-07-01,471
2011-07-02,380
2011-07-03,315
2011-07-04,320
2011-07-05,370
2011-07-06,351
2011-07-07,385
2011-07-08,392
2011-07-09,372
2011-07-10,323
2011-07-11,381
2011-07-12,405
2011-07-13,409
2011-07-14,458
2011-07-15,437
2011-07-16,399
2011-07-17,365
2011-07-18,390
2011-07-19,386
2011-07-20,413
2011-07-21,386
2011-07-22,388
2011-07-23,358
2011-07-24,338
2011-07-25,408
2011-07-26,413
2011-07-27,415
2011-07-28,392
2011-07-29,435
2011-07-30,396
2011-07-31,334
2011-08-01,498
2011-08-02,365
2011-08-03,386
2011-08-04,397
2011-08-05,431
2011-08-06,358
2011-08-07,325
2011-08-08,382
2011-08-09,364
2011-08-10,410
2011-08-11,396
2011-08-12,411
2011-08-13,377
2011-08-14,283
2011-08-15,452
2011-08-16,358
2011-08-17,398
2011-08-18,372
2011-08-19,434
2011-08-20,387
2011-08-21,297
2011-08-22,408
2011-08-23,393
2011-08-24,404
2011-08-25,368
2011-08-26,411
2011-08-27,212
2011-08-28,174
2011-08-29,419
2011-08-30,423
2011-08-31,369
2011-09-01,457
2011-09-02,419
2011-09-03,352
2011-09-04,307
2011-09-05,306
2011-09-06,313
2011-09-07,351
2011-09-08,350
2011-09-09,401
2011-09-10,330
2011-09-11,311
2011-09-12,349
2011-09-13,389
2011-09-14,403
2011-09-15,379
2011-09-16,424
2011-09-17,362
2011-09-18,292
2011-09-19,392
2011-09-20,378
2011-09-21,409
2011-09-22,402
2011-09-23,404
2011-09-24,372
2011-09-25,344
2011-09-26,401
2011-09-27,397
2011-09-28,419
2011-09-29,391
2011-09-30,392
2011-10-01,436
2011-10-02,317
2011-10-03,324
2011-10-04,373
2011-10-05,412
2011-10-06,367
2011-10-07,420
2011-10-08,312
2011-10-09,354
2011-10-10,337
2011-10-11,394
2011-10-12,392
2011-10-13,405
2011-10-14,394
2011-10-15,386
2011-10-16,360
2011-10-17,358
2011-10-18,446
2011-10-19,411
2011-10-20,446
2011-10-21,434
2011-10-22,385
2011-10-23,319
2011-10-24,376
2011-10-25,379
2011-10-26,368
2011-10-27,381
2011-10-28,427
2011-10-29,285
2011-10-30,311
2011-10-31,358
2011-11-01,458
2011-11-02,357
2011-11-03,378
2011-11-04,420
2011-11-05,407
2011-11-06,321
2011-11-07,397
2011-11-08,364
2011-11-09,390
2011-11-10,368
2011-11-11,403
2011-11-12,387
2011-11-13,325
2011-11-14,406
2011-11-15,393
2011-11-16,373
2011-11-17,374
2011-11-18,411
2011-11-19,385
2011-11-20,312
2011-11-21,386
2011-11-22,433
2011-11-23,435
2011-11-24,224
2011-11-25,480
2011-11-26,388
2011-11-27,334
2011-11-28,398
2011-11-29,352
2011-11-30,406
2011-12-01,396
2011-12-02,397
2011-12-03,357
2011-12-04,277
2011-12-05,401
2011-12-06,341
2011-12-07,297
2011-12-08,384
2011-12-09,389
2011-12-10,394
2011-12-11,303
2011-12-12,379
2011-12-13,360
2011-12-14,388
2011-12-15,411
2011-12-16,428
2011-12-17,343
2011-12-18,279
2011-12-19,391
2011-12-20,416
2011-12-21,436
2011-12-22,423
2011-12-23,453
2011-12-24,321
2011-12-25,179
2011-12-26,304
2011-12-27,336
2011-12-28,386
2011-12-29,339
2011-12-30,386
2011-12-31,322
2012-01-01,363
2012-01-02,257
2012-01-03,342
2012-01-04,312
2012-01-05,329
2012-01-06,372
2012-01-07,336
2012-01-08,298
2012-01-09,356
2012-01-10,338
2012-01-11,300
2012-01-12,343
2012-01-13,371
2012-01-14,298
2012-01-15,259
2012-01-16,323
2012-01-17,325
2012-01-18,328
2012-01-19,354
2012-01-20,386
2012-01-21,281
2012-01-22,262
2012-01-23,376
2012-01-24,359
2012-01-25,336
2012-01-26,337
2012-01-27,439
2012-01-28,339
2012-01-29,324
2012-01-30,361
2012-01-31,328
2012-02-01,381
2012-02-02,349
2012-02-03,347
2012-02-04,342
2012-02-05,265
2012-02-06,337
2012-02-07,347
2012-02-08,318
2012-02-09,330
2012-02-10,414
2012-02-11,279
2012-02-12,299
2012-02-13,303
2012-02-14,328
2012-02-15,344
2012-02-16,331
2012-02-17,374
2012-02-18,365
2012-02-19,296
2012-02-20,298
2012-02-21,365
2012-02-22,342
2012-02-23,353
2012-02-24,376
2012-02-25,316
2012-02-26,263
2012-02-27,338
2012-02-28,356
2012-02-29,308
2012-03-01,381
2012-03-02,341
2012-03-03,327
2012-03-04,282
2012-03-05,297
2012-03-06,294
2012-03-07,313
2012-03-08,350
2012-03-09,363
2012-03-10,344
2012-03-11,280
2012-03-12,370
2012-03-13,322
2012-03-14,316
2012-03-15,392
2012-03-16,394
2012-03-17,339
2012-03-18,301
2012-03-19,326
2012-03-20,380
2012-03-21,353
2012-03-22,354
2012-03-23,380
2012-03-24,317
2012-03-25,302
2012-03-26,352
2012-03-27,316
2012-03-28,371
2012-03-29,350
2012-03-30,389
2012-03-31,312
2012-04-01,329
2012-04-02,341
2012-04-03,350
2012-04-04,349
2012-04-05,354
2012-04-06,392
2012-04-07,316
2012-04-08,256
2012-04-09,328
2012-04-10,318
2012-04-11,332
2012-04-12,349
2012-04-13,354
2012-04-14,300
2012-04-15,319
2012-04-16,358
2012-04-17,348
2012-04-18,407
2012-04-19,337
2012-04-20,420
2012-04-21,351
2012-04-22,289
2012-04-23,358
2012-04-24,389
2012-04-25,387
2012-04-26,352
2012-04-27,411
2012-04-28,345
2012-04-29,325
2012-04-30,372
2012-05-01,462
2012-05-02,369
2012-05-03,386
2012-05-04,416
2012-05-05,368
2012-05-06,329
2012-05-07,363
2012-05-08,367
2012-05-09,399
2012-05-10,390
2012-05-11,406
2012-05-12,372
2012-05-13,283
2012-05-14,362
2012-05-15,386
2012-05-16,364
2012-05-17,416
2012-05-18,394
2012-05-19,329
2012-05-20,342
2012-05-21,389
2012-05-22,414
2012-05-23,395
2012-05-24,369
2012-05-25,415
2012-05-26,392
2012-05-27,274
2012-05-28,341
2012-05-29,399
2012-05-30,380
2012-05-31,367
2012-06-01,510
2012-06-02,360
2012-06-03,347
2012-06-04,345
2012-06-05,401
2012-06-06,425
2012-06-07,378
2012-06-08,438
2012-06-09,336
2012-06-10,330
2012-06-11,382
2012-06-12,378
2012-06-13,397
2012-06-14,404
2012-06-15,446
2012-06-16,372
2012-06-17,310
2012-06-18,404
2012-06-19,380
2012-06-20,408
2012-06-21,393
2012-06-22,408
2012-06-23,428
2012-06-24,389
2012-06-25,388
2012-06-26,402
2012-06-27,429
2012-06-28,434
2012-06-29,446
2012-06-30,383
2012-07-01,405
2012-07-02,379
2012-07-03,403
2012-07-04,325
2012-07-05,392
2012-07-06,402
2012-07-07,388
2012-07-08,326
2012-07-09,396
2012-07-10,396
2012-07-11,418
2012-07-12,393
2012-07-13,434
2012-07-14,411
2012-07-15,341
2012-07-16,399
2012-07-17,416
2012-07-18,420
2012-07-19,430
2012-07-20,382
2012-07-21,381
2012-07-22,351
2012-07-23,404
2012-07-24,419
2012-07-25,456
2012-07-26,407
2012-07-27,462
2012-07-28,403
2012-07-29,354
2012-07-30,416
2012-07-31,420
2012-08-01,444
2012-08-02,431
2012-08-03,437
2012-08-04,411
2012-08-05,363
2012-08-06,413
2012-08-07,428
2012-08-08,435
2012-08-09,433
2012-08-10,443
2012-08-11,402
2012-08-12,379
2012-08-13,394
2012-08-14,381
2012-08-15,391
2012-08-16,432
2012-08-17,433
2012-08-18,365
2012-08-19,317
2012-08-20,451
2012-08-21,382
2012-08-22,377
2012-08-23,395
2012-08-24,470
2012-08-25,379
2012-08-26,351
2012-08-27,375
2012-08-28,391
2012-08-29,402
2012-08-30,407
2012-08-31,395
2012-09-01,449
2012-09-02,352
2012-09-03,396
2012-09-04,395
2012-09-05,403
2012-09-06,369
2012-09-07,412
2012-09-08,348
2012-09-09,318
2012-09-10,389
2012-09-11,384
2012-09-12,399
2012-09-13,402
2012-09-14,409
2012-09-15,403
2012-09-16,349
2012-09-17,368
2012-09-18,358
2012-09-19,371
2012-09-20,412
2012-09-21,447
2012-09-22,434
2012-09-23,390
2012-09-24,391
2012-09-25,414
2012-09-26,381
2012-09-27,409
2012-09-28,410
2012-09-29,383
2012-09-30,337
2012-10-01,461
2012-10-02,396
2012-10-03,443
2012-10-04,453
2012-10-05,442
2012-10-06,373
2012-10-07,298
2012-10-08,354
2012-10-09,362
2012-10-10,387
2012-10-11,432
2012-10-12,431
2012-10-13,393
2012-10-14,320
2012-10-15,377
2012-10-16,368
2012-10-17,401
2012-10-18,407
2012-10-19,397
2012-10-20,409
2012-10-21,336
2012-10-22,354
2012-10-23,331
2012-10-24,360
2012-10-25,359
2012-10-26,391
2012-10-27,352
2012-10-28,310
2012-10-29,256
2012-10-30,212
2012-10-31,267
2012-11-01,327
2012-11-02,275
2012-11-03,271
2012-11-04,253
2012-11-05,320
2012-11-06,305
2012-11-07,295
2012-11-08,321
2012-11-09,396
2012-11-10,384
2012-11-11,325
2012-11-12,387
2012-11-13,363
2012-11-14,379
2012-11-15,362
2012-11-16,443
2012-11-17,350
2012-11-18,278
2012-11-19,395
2012-11-20,381
2012-11-21,384
2012-11-22,211
2012-11-23,431
2012-11-24,358
2012-11-25,298
2012-11-26,393
2012-11-27,351
2012-11-28,389
2012-11-29,388
2012-11-30,460
2012-12-01,467
2012-12-02,315
2012-12-03,368
2012-12-04,360
2012-12-05,403
2012-12-06,350
2012-12-07,428
2012-12-08,380
2012-12-09,307
2012-12-10,420
2012-12-11,345
2012-12-12,398
2012-12-13,375
2012-12-14,472
2012-12-15,399
2012-12-16,315
2012-12-17,397
2012-12-18,342
2012-12-19,417
2012-12-20,440
2012-12-21,442
2012-12-22,389
2012-12-23,390
2012-12-24,309
2012-12-25,165
2012-12-26,328
2012-12-27,346
2012-12-28,402
2012-12-29,329
2012-12-30,285
2012-12-31,370
2013-01-01,376
2013-01-02,339
2013-01-03,340
2013-01-04,413
2013-01-05,346
2013-01-06,275
2013-01-07,349
2013-01-08,342
2013-01-09,365
2013-01-10,344
2013-01-11,380
2013-01-12,350
2013-01-13,324
2013-01-14,342
2013-01-15,349
2013-01-16,315
2013-01-17,360
2013-01-18,394
2013-01-19,356
2013-01-20,313
2013-01-21,250
2013-01-22,290
2013-01-23,306
2013-01-24,297
2013-01-25,371
2013-01-26,302
2013-01-27,256
2013-01-28,328
2013-01-29,360
2013-01-30,397
2013-01-31,349
2013-02-01,362
2013-02-02,312
2013-02-03,279
2013-02-04,327
2013-02-05,311
2013-02-06,327
2013-02-07,298
2013-02-08,283
2013-02-09,216
2013-02-10,264
2013-02-11,347
2013-02-12,284
2013-02-13,365
2013-02-14,313
2013-02-15,370
2013-02-16,308
2013-02-17,287
2013-02-18,320
2013-02-19,312
2013-02-20,320
2013-02-21,279
2013-02-22,363
2013-02-23,320
2013-02-24,302
2013-02-25,289
2013-02-26,347
2013-02-27,355
2013-02-28,332
2013-03-01,399
2013-03-02,276
2013-03-03,263
2013-03-04,320
2013-03-05,324
2013-03-06,319
2013-03-07,336
2013-03-08,357
2013-03-09,311
2013-03-10,283
2013-03-11,351
2013-03-12,329
2013-03-13,375
2013-03-14,325
2013-03-15,409
2013-03-16,293
2013-03-17,292
2013-03-18,360
2013-03-19,337
2013-03-20,350
2013-03-21,304
2013-03-22,385
2013-03-23,349
2013-03-24,286
2013-03-25,321
2013-03-26,335
2013-03-27,326
2013-03-28,336
2013-03-29,369
2013-03-30,307
2013-03-31,247
2013-04-01,398
2013-04-02,285
2013-04-03,348
2013-04-04,345
2013-04-05,357
2013-04-06,312
2013-04-07,288
2013-04-08,331
2013-04-09,334
2013-04-10,348
2013-04-11,351
2013-04-12,366
2013-04-13,384
2013-04-14,289
2013-04-15,399
2013-04-16,361
2013-04-17,356
2013-04-18,365
2013-04-19,406
2013-04-20,354
2013-04-21,308
2013-04-22,352
2013-04-23,375
2013-04-24,372
2013-04-25,420
2013-04-26,396
2013-04-27,352
2013-04-28,282
2013-04-29,377
2013-04-30,392
2013-05-01,439
2013-05-02,381
2013-05-03,426
2013-05-04,378
2013-05-05,323
2013-05-06,374
2013-05-07,365
2013-05-08,365
2013-05-09,356
2013-05-10,403
2013-05-11,378
2013-05-12,317
2013-05-13,378
2013-05-14,364
2013-05-15,391
2013-05-16,405
2013-05-17,405
2013-05-18,376
2013-05-19,288
2013-05-20,404
2013-05-21,395
2013-05-22,430
2013-05-23,388
2013-05-24,405
2013-05-25,344
2013-05-26,327
2013-05-27,347
2013-05-28,375
2013-05-29,395
2013-05-30,379
2013-05-31,391
2013-06-01,383
2013-06-02,317
2013-06-03,377
2013-06-04,390
2013-06-05,409
2013-06-06,372
2013-06-07,354
2013-06-08,362
2013-06-09,352
2013-06-10,354
2013-06-11,396
2013-06-12,420
2013-06-13,372
2013-06-14,427
2013-06-15,431
2013-06-16,323
2013-06-17,396
2013-06-18,398
2013-06-19,385
2013-06-20,370
2013-06-21,441
2013-06-22,407
2013-06-23,348
2013-06-24,405
2013-06-25,412
2013-06-26,453
2013-06-27,429
2013-06-28,425
2013-06-29,435
2013-06-30,361
2013-07-01,411
2013-07-02,424
2013-07-03,390
2013-07-04,343
2013-07-05,402
2013-07-06,364
2013-07-07,356
2013-07-08,457
2013-07-09,465
2013-07-10,438
2013-07-11,442
2013-07-12,404
2013-07-13,394
2013-07-14,341
2013-07-15,463
2013-07-16,441
2013-07-17,423
2013-07-18,406
2013-07-19,441
2013-07-20,406
2013-07-21,391
2013-07-22,406
2013-07-23,402
2013-07-24,440
2013-07-25,466
2013-07-26,462
2013-07-27,432
2013-07-28,371
2013-07-29,426
2013-07-30,407
2013-07-31,410
2013-08-01,422
2013-08-02,469
2013-08-03,402
2013-08-04,356
2013-08-05,442
2013-08-06,458
2013-08-07,392
2013-08-08,399
2013-08-09,466
2013-08-10,413
2013-08-11,357
2013-08-12,413
2013-08-13,431
2013-08-14,452
2013-08-15,420
2013-08-16,464
2013-08-17,411
2013-08-18,353
2013-08-19,429
2013-08-20,417
2013-08-21,388
2013-08-22,395
2013-08-23,480
2013-08-24,444
2013-08-25,406
2013-08-26,407
2013-08-27,429
2013-08-28,440
2013-08-29,395
2013-08-30,469
2013-08-31,392
2013-09-01,417
2013-09-02,389
2013-09-03,387
2013-09-04,397
2013-09-05,450
2013-09-06,414
2013-09-07,428
2013-09-08,351
2013-09-09,425
2013-09-10,444
2013-09-11,402
2013-09-12,414
2013-09-13,434
2013-09-14,397
2013-09-15,409
2013-09-16,406
2013-09-17,446
2013-09-18,423
2013-09-19,473
2013-09-20,485
2013-09-21,378
2013-09-22,395
2013-09-23,439
2013-09-24,437
2013-09-25,442
2013-09-26,416
2013-09-27,484
2013-09-28,445
2013-09-29,389
2013-09-30,470
2013-10-01,493
2013-10-02,415
2013-10-03,398
2013-10-04,467
2013-10-05,422
2013-10-06,369
2013-10-07,423
2013-10-08,438
2013-10-09,432
2013-10-10,419
2013-10-11,451
2013-10-12,384
2013-10-13,359
2013-10-14,390
2013-10-15,460
2013-10-16,379
2013-10-17,401
2013-10-18,442
2013-10-19,428
2013-10-20,399
2013-10-21,455
2013-10-22,420
2013-10-23,418
2013-10-24,424
2013-10-25,461
2013-10-26,401
2013-10-27,332
2013-10-28,427
2013-10-29,395
2013-10-30,410
2013-10-31,423
2013-11-01,491
2013-11-02,414
2013-11-03,317
2013-11-04,401
2013-11-05,356
2013-11-06,344
2013-11-07,397
2013-11-08,449
2013-11-09,400
2013-11-10,348
2013-11-11,334
2013-11-12,365
2013-11-13,390
2013-11-14,423
2013-11-15,479
2013-11-16,389
2013-11-17,322
2013-11-18,452
2013-11-19,361
2013-11-20,405
2013-11-21,373
2013-11-22,425
2013-11-23,413
2013-11-24,273
2013-11-25,409
2013-11-26,375
2013-11-27,395
2013-11-28,214
2013-11-29,390
2013-11-30,380
2013-12-01,406
2013-12-02,416
2013-12-03,366
2013-12-04,447
2013-12-05,401
2013-12-06,438
2013-12-07,418
2013-12-08,295
2013-12-09,363
2013-12-10,405
2013-12-11,397
2013-12-12,357
2013-12-13,422
2013-12-14,345
2013-12-15,328
2013-12-16,382
2013-12-17,360
2013-12-18,416
2013-12-19,426
2013-12-20,457
2013-12-21,409
2013-12-22,365
2013-12-23,433
2013-12-24,379
2013-12-25,185
2013-12-26,352
2013-12-27,423
2013-12-28,376
2013-12-29,292
2013-12-30,380
2013-12-31,332
2014-01-01,395
2014-01-02,324
2014-01-03,257
2014-01-04,278
2014-01-05,255
2014-01-06,356
2014-01-07,282
2014-01-08,365
2014-01-09,344
2014-01-10,400
2014-01-11,380
2014-01-12,328
2014-01-13,386
2014-01-14,404
2014-01-15,420
2014-01-16,403
2014-01-17,420
2014-01-18,367
2014-01-19,291
2014-01-20,337
2014-01-21,279
2014-01-22,256
2014-01-23,309
2014-01-24,388
2014-01-25,342
2014-01-26,279
2014-01-27,314
2014-01-28,337
2014-01-29,330
2014-01-30,322
2014-01-31,364
2014-02-01,393
2014-02-02,324
2014-02-03,301
2014-02-04,323
2014-02-05,291
2014-02-06,308
2014-02-07,371
2014-02-08,301
2014-02-09,253
2014-02-10,345
2014-02-11,333
2014-02-12,323
2014-02-13,217
2014-02-14,360
2014-02-15,316
2014-02-16,232
2014-02-17,305
2014-02-18,330
2014-02-19,295
2014-02-20,325
2014-02-21,322
2014-02-22,368
2014-02-23,261
2014-02-24,347
2014-02-25,364
2014-02-26,336
2014-02-27,299
2014-02-28,348
2014-03-01,425
2014-03-02,293
2014-03-03,297
2014-03-04,326
2014-03-05,361
2014-03-06,321
2014-03-07,356
2014-03-08,339
2014-03-09,277
2014-03-10,370
2014-03-11,302
2014-03-12,360
2014-03-13,319
2014-03-14,366
2014-03-15,381
2014-03-16,273
2014-03-17,319
2014-03-18,344
2014-03-19,366
2014-03-20,387
2014-03-21,381
2014-03-22,350
2014-03-23,266
2014-03-24,364
2014-03-25,339
2014-03-26,318
2014-03-27,363
2014-03-28,338
2014-03-29,302
2014-03-30,278
2014-03-31,357
2014-04-01,384
2014-04-02,332
2014-04-03,305
2014-04-04,366
2014-04-05,343
2014-04-06,295
2014-04-07,315
2014-04-08,340
2014-04-09,365
2014-04-10,358
2014-04-11,370
2014-04-12,339
2014-04-13,308
2014-04-14,341
2014-04-15,369
2014-04-16,365
2014-04-17,360
2014-04-18,406
2014-04-19,343
2014-04-20,293
2014-04-21,352
2014-04-22,405
2014-04-23,380
2014-04-24,361
2014-04-25,378
2014-04-26,332
2014-04-27,290
2014-04-28,377
2014-04-29,344
2014-04-30,323
2014-05-01,459
2014-05-02,428
2014-05-03,346
2014-05-04,344
2014-05-05,403
2014-05-06,376
2014-05-07,391
2014-05-08,354
2014-05-09,431
2014-05-10,376
2014-05-11,284
2014-05-12,399
2014-05-13,379
2014-05-14,407
2014-05-15,401
2014-05-16,406
2014-05-17,395
2014-05-18,316
2014-05-19,416
2014-05-20,407
2014-05-21,441
2014-05-22,379
2014-05-23,429
2014-05-24,352
2014-05-25,326
2014-05-26,354
2014-05-27,402
2014-05-28,430
2014-05-29,379
2014-05-30,427
2014-05-31,382
2014-06-01,454
2014-06-02,437
2014-06-03,402
2014-06-04,375
2014-06-05,361
2014-06-06,450
2014-06-07,364
2014-06-08,324
2014-06-09,394
2014-06-10,415
2014-06-11,457
2014-06-12,419
2014-06-13,406
2014-06-14,418
2014-06-15,349
2014-06-16,417
2014-06-17,418
2014-06-18,443
2014-06-19,392
2014-06-20,439
2014-06-21,416
2014-06-22,342
2014-06-23,445
2014-06-24,436
2014-06-25,420
2014-06-26,419
2014-06-27,455
2014-06-28,401
2014-06-29,373
2014-06-30,404
2014-07-01,482
2014-07-02,425
2014-07-03,410
2014-07-04,339
2014-07-05,356
2014-07-06,375
2014-07-07,460
2014-07-08,425
2014-07-09,412
2014-07-10,444
2014-07-11,403
2014-07-12,370
2014-07-13,352
2014-07-14,442
2014-07-15,452
2014-07-16,423
2014-07-17,377
2014-07-18,424
2014-07-19,395
2014-07-20,382
2014-07-21,434
2014-07-22,438
2014-07-23,414
2014-07-24,444
2014-07-25,444
2014-07-26,402
2014-07-27,367
2014-07-28,468
2014-07-29,443
2014-07-30,417
2014-07-31,463
2014-08-01,554
2014-08-02,411
2014-08-03,375
2014-08-04,460
2014-08-05,421
2014-08-06,433
2014-08-07,428
2014-08-08,436
2014-08-09,400
2014-08-10,385
2014-08-11,437
2014-08-12,412
2014-08-13,425
2014-08-14,480
2014-08-15,475
2014-08-16,418
2014-08-17,369
2014-08-18,420
2014-08-19,432
2014-08-20,472
2014-08-21,432
2014-08-22,421
2014-08-23,420
2014-08-24,358
2014-08-25,414
2014-08-26,415
2014-08-27,447
2014-08-28,420
2014-08-29,436
2014-08-30,438
2014-08-31,341
2014-09-01,484
2014-09-02,435
2014-09-03,435
2014-09-04,451
2014-09-05,431
2014-09-06,381
2014-09-07,375
2014-09-08,381
2014-09-09,397
2014-09-10,448
2014-09-11,380
2014-09-12,422
2014-09-13,380
2014-09-14,345
2014-09-15,404
2014-09-16,405
2014-09-17,416
2014-09-18,422
2014-09-19,462
2014-09-20,452
2014-09-21,343
2014-09-22,388
2014-09-23,416
2014-09-24,396
2014-09-25,400
2014-09-26,446
2014-09-27,406
2014-09-28,359
2014-09-29,416
2014-09-30,398
2014-10-01,475
2014-10-02,403
2014-10-03,420
2014-10-04,352
2014-10-05,358
2014-10-06,424
2014-10-07,410
2014-10-08,395
2014-10-09,405
2014-10-10,436
2014-10-11,359
2014-10-12,361
2014-10-13,343
2014-10-14,456
2014-10-15,445
2014-10-16,394
2014-10-17,440
2014-10-18,403
2014-10-19,349
2014-10-20,430
2014-10-21,395
2014-10-22,390
2014-10-23,358
2014-10-24,463
2014-10-25,465
2014-10-26,354
2014-10-27,419
2014-10-28,407
2014-10-29,385
2014-10-30,377
2014-10-31,398
2014-11-01,412
2014-11-02,296
2014-11-03,394
2014-11-04,371
2014-11-05,380
2014-11-06,368
2014-11-07,450
2014-11-08,388
2014-11-09,327
2014-11-10,393
2014-11-11,366
2014-11-12,416
2014-11-13,371
2014-11-14,363
2014-11-15,366
2014-11-16,301
2014-11-17,346
2014-11-18,368
2014-11-19,332
2014-11-20,377
2014-11-21,401
2014-11-22,354
2014-11-23,328
2014-11-24,403
2014-11-25,376
2014-11-26,341
2014-11-27,199
2014-11-28,446
2014-11-29,341
2014-11-30,313
2014-12-01,447
2014-12-02,387
2014-12-03,348
2014-12-04,337
2014-12-05,389
2014-12-06,337
2014-12-07,297
2014-12-08,337
2014-12-09,332
2014-12-10,377
2014-12-11,376
2014-12-12,391
2014-12-13,404
2014-12-14,340
2014-12-15,402
2014-12-16,384
2014-12-17,412
2014-12-18,398
2014-12-19,436
2014-12-20,369
2014-12-21,318
2014-12-22,345
2014-12-23,406
2014-12-24,353
2014-12-25,181
2014-12-26,299
2014-12-27,318
2014-12-28,272
2014-12-29,345
2014-12-30,326
2014-12-31,282
2015-01-01,363
2015-01-02,351
2015-01-03,320
2015-01-04,248
2015-01-05,375
2015-01-06,341
2015-01-07,282
2015-01-08,313
2015-01-09,322
2015-01-10,295
2015-01-11,264
2015-01-12,303
2015-01-13,333
2015-01-14,333
2015-01-15,391
2015-01-16,360
2015-01-17,347
2015-01-18,245
2015-01-19,313
2015-01-20,363
2015-01-21,354
2015-01-22,329
2015-01-23,335
2015-01-24,278
2015-01-25,297
2015-01-26,267
2015-01-27,163
2015-01-28,290
2015-01-29,266
2015-01-30,345
2015-01-31,278
2015-02-01,314
2015-02-02,260
2015-02-03,261
2015-02-04,310
2015-02-05,292
2015-02-06,333
2015-02-07,268
2015-02-08,230
2015-02-09,250
2015-02-10,286
2015-02-11,268
2015-02-12,308
2015-02-13,340
2015-02-14,322
2015-02-15,270
2015-02-16,270
2015-02-17,290
2015-02-18,313
2015-02-19,306
2015-02-20,302
2015-02-21,265
2015-02-22,227
2015-02-23,313
2015-02-24,279
2015-02-25,319
2015-02-26,282
2015-02-27,327
2015-02-28,290
2015-03-01,313
2015-03-02,289
2015-03-03,308
2015-03-04,301
2015-03-05,262
2015-03-06,333
2015-03-07,310
2015-03-08,238
2015-03-09,324
2015-03-10,326
2015-03-11,330
2015-03-12,318
2015-03-13,362
2015-03-14,313
2015-03-15,333
2015-03-16,350
2015-03-17,359
2015-03-18,322
2015-03-19,330
2015-03-20,331
2015-03-21,359
2015-03-22,286
2015-03-23,345
2015-03-24,310
2015-03-25,328
2015-03-26,339
2015-03-27,373
2015-03-28,316
2015-03-29,298
2015-03-30,348
2015-03-31,357
2015-04-01,432
2015-04-02,368
2015-04-03,330
2015-04-04,349
2015-04-05,245
2015-04-06,384
2015-04-07,303
2015-04-08,325
2015-04-09,336
2015-04-10,381
2015-04-11,343
2015-04-12,304
2015-04-13,339
2015-04-14,353
2015-04-15,405
2015-04-16,363
2015-04-17,386
2015-04-18,397
2015-04-19,324
2015-04-20,363
2015-04-21,394
2015-04-22,404
2015-04-23,381
2015-04-24,395
2015-04-25,367
2015-04-26,325
2015-04-27,404
2015-04-28,380
2015-04-29,370
2015-04-30,388
2015-05-01,469
2015-05-02,326
2015-05-03,301
2015-05-04,350
2015-05-05,383
2015-05-06,350
2015-05-07,369
2015-05-08,427
2015-05-09,345
2015-05-10,366
2015-05-11,386
2015-05-12,388
2015-05-13,395
2015-05-14,405
2015-05-15,458
2015-05-16,375
2015-05-17,332
2015-05-18,401
2015-05-19,389
2015-05-20,417
2015-05-21,396
2015-05-22,424
2015-05-23,348
2015-05-24,324
2015-05-25,346
2015-05-26,384
2015-05-27,382
2015-05-28,442
2015-05-29,445
2015-05-30,415
2015-05-31,316
2015-06-01,432
2015-06-02,370
2015-06-03,373
2015-06-04,364
2015-06-05,396
2015-06-06,357
2015-06-07,362
2015-06-08,412
2015-06-09,396
2015-06-10,426
2015-06-11,381
2015-06-12,402
2015-06-13,334
2015-06-14,320
2015-06-15,422
2015-06-16,370
2015-06-17,427
2015-06-18,387
2015-06-19,435
2015-06-20,368
2015-06-21,325
2015-06-22,427
2015-06-23,395
2015-06-24,417
2015-06-25,429
2015-06-26,424
2015-06-27,348
2015-06-28,329
2015-06-29,382
2015-06-30,407
2015-07-01,488
2015-07-02,402
2015-07-03,376
2015-07-04,305
2015-07-05,323
2015-07-06,395
2015-07-07,408
2015-07-08,401
2015-07-09,400
2015-07-10,370
2015-07-11,402
2015-07-12,385
2015-07-13,365
2015-07-14,382
2015-07-15,430
2015-07-16,419
2015-07-17,412
2015-07-18,361
2015-07-19,323
2015-07-20,427
2015-07-21,395
2015-07-22,444
2015-07-23,412
2015-07-24,462
2015-07-25,405
2015-07-26,342
2015-07-27,430
2015-07-28,460
2015-07-29,424
2015-07-30,413
2015-07-31,469
2015-08-01,455
2015-08-02,344
2015-08-03,401
2015-08-04,442
2015-08-05,398
2015-08-06,404
2015-08-07,421
2015-08-08,403
2015-08-09,324
2015-08-10,426
2015-08-11,354
2015-08-12,431
2015-08-13,408
2015-08-14,448
2015-08-15,410
2015-08-16,344
2015-08-17,365
2015-08-18,408
2015-08-19,453
2015-08-20,444
2015-08-21,424
2015-08-22,366
2015-08-23,374
2015-08-24,408
2015-08-25,428
2015-08-26,412
2015-08-27,418
2015-08-28,451
2015-08-29,395
2015-08-30,315
2015-08-31,363
2015-09-01,467
2015-09-02,397
2015-09-03,453
2015-09-04,439
2015-09-05,352
2015-09-06,339
2015-09-07,356
2015-09-08,385
2015-09-09,387
2015-09-10,391
2015-09-11,416
2015-09-12,381
2015-09-13,343
2015-09-14,391
2015-09-15,429
2015-09-16,421
2015-09-17,420
2015-09-18,444
2015-09-19,411
2015-09-20,339
2015-09-21,411
2015-09-22,399
2015-09-23,395
2015-09-24,371
2015-09-25,386
2015-09-26,339
2015-09-27,371
2015-09-28,404
2015-09-29,375
2015-09-30,371
2015-10-01,465
2015-10-02,362
2015-10-03,347
2015-10-04,355
2015-10-05,392
2015-10-06,388
2015-10-07,388
2015-10-08,392
2015-10-09,404
2015-10-10,382
2015-10-11,368
2015-10-12,399
2015-10-13,363
2015-10-14,400
2015-10-15,411
2015-10-16,386
2015-10-17,363
2015-10-18,307
2015-10-19,392
2015-10-20,421
2015-10-21,410
2015-10-22,394
2015-10-23,380
2015-10-24,323
2015-10-25,363
2015-10-26,391
2015-10-27,328
2015-10-28,366
2015-10-29,402
2015-10-30,406
2015-10-31,402
2015-11-01,414
2015-11-02,354
2015-11-03,379
2015-11-04,393
2015-11-05,372
2015-11-06,386
2015-11-07,374
2015-11-08,342
2015-11-09,375
2015-11-10,359
2015-11-11,340
2015-11-12,383
2015-11-13,431
2015-11-14,350
2015-11-15,332
2015-11-16,376
2015-11-17,387
2015-11-18,375
2015-11-19,373
2015-11-20,425
2015-11-21,360
2015-11-22,343
2015-11-23,356
2015-11-24,387
2015-11-25,359
2015-11-26,242
2015-11-27,417
2015-11-28,323
2015-11-29,315
2015-11-30,394
2015-12-01,435
2015-12-02,389
2015-12-03,389
2015-12-04,405
2015-12-05,378
2015-12-06,309
2015-12-07,353
2015-12-08,385
2015-12-09,356
2015-12-10,394
2015-12-11,472
2015-12-12,411
2015-12-13,329
2015-12-14,404
2015-12-15,436
2015-12-16,404
2015-12-17,361
2015-12-18,448
2015-12-19,361
2015-12-20,359
2015-12-21,392
2015-12-22,458
2015-12-23,425
2015-12-24,389
2015-12-25,239
2015-12-26,321
2015-12-27,318
2015-12-28,379
2015-12-29,340
2015-12-30,374
2015-12-31,315
2016-01-01,408
2016-01-02,330
2016-01-03,267
2016-01-04,343
2016-01-05,332
2016-01-06,361
2016-01-07,328
2016-01-08,405
2016-01-09,359
2016-01-10,299
2016-01-11,344
2016-01-12,358
2016-01-13,317
2016-01-14,329
2016-01-15,427
2016-01-16,369
2016-01-17,311
2016-01-18,297
2016-01-19,356
2016-01-20,372
2016-01-21,374
2016-01-22,379
2016-01-23,140
2016-01-24,148
2016-01-25,284
2016-01-26,292
2016-01-27,332
2016-01-28,322
2016-01-29,342
2016-01-30,329
2016-01-31,281
2016-02-01,403
2016-02-02,318
2016-02-03,325
2016-02-04,359
2016-02-05,328
2016-02-06,344
2016-02-07,306
2016-02-08,302
2016-02-09,328
2016-02-10,353
2016-02-11,291
2016-02-12,348
2016-02-13,270
2016-02-14,228
2016-02-15,277
2016-02-16,337
2016-02-17,291
2016-02-18,348
2016-02-19,320
2016-02-20,339
2016-02-21,260
2016-02-22,342
2016-02-23,285
2016-02-24,297
2016-02-25,313
2016-02-26,332
2016-02-27,333
2016-02-28,246
2016-02-29,315
2016-03-01,414
2016-03-02,326
2016-03-03,346
2016-03-04,349
2016-03-05,316
2016-03-06,278
2016-03-07,360
2016-03-08,331
2016-03-09,334
2016-03-10,330
2016-03-11,381
2016-03-12,338
2016-03-13,265
2016-03-14,311
2016-03-15,344
2016-03-16,345
2016-03-17,324
2016-03-18,342
2016-03-19,343
2016-03-20,281
2016-03-21,327
2016-03-22,353
2016-03-23,326
2016-03-24,343
2016-03-25,364
2016-03-26,335
2016-03-27,236
2016-03-28,347
2016-03-29,374
2016-03-30,373
2016-03-31,351
2016-04-01,453
2016-04-02,313
2016-04-03,252
2016-04-04,319
2016-04-05,323
2016-04-06,356
2016-04-07,341
2016-04-08,358
2016-04-09,333
2016-04-10,292
2016-04-11,372
2016-04-12,350
2016-04-13,388
2016-04-14,354
2016-04-15,402
2016-04-16,367
2016-04-17,319
2016-04-18,377
2016-04-19,344
2016-04-20,397
2016-04-21,358
2016-04-22,421
2016-04-23,309
2016-04-24,289
2016-04-25,360
2016-04-26,362
2016-04-27,375
2016-04-28,388
2016-04-29,385
2016-04-30,330
2016-05-01,325
2016-05-02,316
2016-05-03,339
2016-05-04,346
2016-05-05,364
2016-05-06,401
2016-05-07,346
2016-05-08,292
2016-05-09,400
2016-05-10,382
2016-05-11,369
2016-05-12,367
2016-05-13,375
2016-05-14,371
2016-05-15,339
2016-05-16,413
2016-05-17,409
2016-05-18,377
2016-05-19,333
2016-05-20,403
2016-05-21,351
2016-05-22,319
2016-05-23,400
2016-05-24,361
2016-05-25,372
2016-05-26,393
2016-05-27,408
2016-05-28,343
2016-05-29,334
2016-05-30,342
2016-05-31,386
2016-06-01,497
2016-06-02,412
2016-06-03,392
2016-06-04,377
2016-06-05,346
2016-06-06,409
2016-06-07,351
2016-06-08,359
2016-06-09,399
2016-06-10,370
2016-06-11,335
2016-06-12,332
2016-06-13,402
2016-06-14,377
2016-06-15,414
2016-06-16,443
2016-06-17,396
2016-06-18,348
2016-06-19,307
2016-06-20,419
2016-06-21,395
2016-06-22,398
2016-06-23,371
2016-06-24,391
2016-06-25,344
2016-06-26,356
2016-06-27,404
2016-06-28,406
2016-06-29,372
2016-06-30,391
2016-07-01,454
2016-07-02,376
2016-07-03,362
2016-07-04,304
2016-07-05,377
2016-07-06,368
2016-07-07,380
2016-07-08,361
2016-07-09,334
2016-07-10,371
2016-07-11,345
2016-07-12,362
2016-07-13,373
2016-07-14,439
2016-07-15,416
2016-07-16,416
2016-07-17,344
2016-07-18,421
2016-07-19,378
2016-07-20,412
2016-07-21,372
2016-07-22,403
2016-07-23,417
2016-07-24,346
2016-07-25,395
2016-07-26,398
2016-07-27,406
2016-07-28,393
2016-07-29,370
2016-07-30,329
2016-07-31,285
2016-08-01,491
2016-08-02,409
2016-08-03,381
2016-08-04,361
2016-08-05,415
2016-08-06,355
2016-08-07,360
2016-08-08,422
2016-08-09,405
2016-08-10,402
2016-08-11,384
2016-08-12,382
2016-08-13,334
2016-08-14,355
2016-08-15,414
2016-08-16,390
2016-08-17,414
2016-08-18,387
2016-08-19,424
2016-08-20,401
2016-08-21,333
2016-08-22,434
2016-08-23,377
2016-08-24,407
2016-08-25,455
2016-08-26,435
2016-08-27,394
2016-08-28,382
2016-08-29,439
2016-08-30,408
2016-08-31,397
2016-09-01,416
2016-09-02,421
2016-09-03,365
2016-09-04,373
2016-09-05,374
2016-09-06,373
2016-09-07,400
2016-09-08,380
2016-09-09,395
2016-09-10,385
2016-09-11,314
2016-09-12,338
2016-09-13,332
2016-09-14,393
2016-09-15,397
2016-09-16,438
2016-09-17,386
2016-09-18,324
2016-09-19,331
2016-09-20,380
2016-09-21,393
2016-09-22,385
2016-09-23,407
2016-09-24,332
2016-09-25,348
2016-09-26,406
2016-09-27,337
2016-09-28,367
2016-09-29,384
2016-09-30,385
2016-10-01,429
2016-10-02,305
2016-10-03,379
2016-10-04,404
2016-10-05,338
2016-10-06,398
2016-10-07,387
2016-10-08,342
2016-10-09,288
2016-10-10,378
2016-10-11,345
2016-10-12,366
2016-10-13,370
2016-10-14,434
2016-10-15,391
2016-10-16,372
2016-10-17,385
2016-10-18,439
2016-10-19,380
2016-10-20,401
2016-10-21,421
2016-10-22,348
2016-10-23,325
2016-10-24,363
2016-10-25,330
2016-10-26,419
2016-10-27,370
2016-10-28,435
2016-10-29,370
2016-10-30,360
2016-10-31,424
2016-11-01,450
2016-11-02,388
2016-11-03,389
2016-11-04,432
2016-11-05,364
2016-11-06,311
2016-11-07,378
2016-11-08,342
2016-11-09,355
2016-11-10,378
2016-11-11,358
2016-11-12,310
2016-11-13,313
2016-11-14,356
2016-11-15,375
2016-11-16,373
2016-11-17,393
2016-11-18,429
2016-11-19,356
2016-11-20,292
2016-11-21,341
2016-11-22,387
2016-11-23,379
2016-11-24,215
2016-11-25,395
2016-11-26,360
2016-11-27,308
2016-11-28,402
2016-11-29,347
2016-11-30,410
2016-12-01,488
2016-12-02,427
2016-12-03,394
2016-12-04,317
2016-12-05,389
2016-12-06,369
2016-12-07,387
2016-12-08,361
2016-12-09,414
2016-12-10,362
2016-12-11,273
2016-12-12,384
2016-12-13,379
2016-12-14,358
2016-12-15,371
2016-12-16,388
2016-12-17,340
2016-12-18,321
2016-12-19,356
2016-12-20,410
2016-12-21,366
2016-12-22,402
2016-12-23,447
2016-12-24,331
2016-12-25,203
2016-12-26,306
2016-12-27,352
2016-12-28,356
2016-12-29,357
2016-12-30,365
2016-12-31,318
2017-01-01,403
2017-01-02,285
2017-01-03,401
2017-01-04,337
2017-01-05,339
2017-01-06,315
2017-01-07,310
2017-01-08,228
2017-01-09,282
2017-01-10,336
2017-01-11,308
2017-01-12,364
2017-01-13,379
2017-01-14,328
2017-01-15,301
2017-01-16,316
2017-01-17,410
2017-01-18,377
2017-01-19,334
2017-01-20,405
2017-01-21,335
2017-01-22,309
2017-01-23,364
2017-01-24,338
2017-01-25,338
2017-01-26,350
2017-01-27,375
2017-01-28,310
2017-01-29,277
2017-01-30,343
2017-01-31,291
2017-02-01,422
2017-02-02,335
2017-02-03,338
2017-02-04,290
2017-02-05,296
2017-02-06,331
2017-02-07,324
2017-02-08,343
2017-02-09,178
2017-02-10,349
2017-02-11,281
2017-02-12,269
2017-02-13,344
2017-02-14,322
2017-02-15,348
2017-02-16,302
2017-02-17,350
2017-02-18,302
2017-02-19,302
2017-02-20,300
2017-02-21,332
2017-02-22,302
2017-02-23,341
2017-02-24,336
2017-02-25,319
2017-02-26,248
2017-02-27,354
2017-02-28,370
2017-03-01,453
2017-03-02,308
2017-03-03,342
2017-03-04,314
2017-03-05,277
2017-03-06,330
2017-03-07,300
2017-03-08,363
2017-03-09,308
2017-03-10,335
2017-03-11,277
2017-03-12,235
2017-03-13,327
2017-03-14,147
2017-03-15,243
2017-03-16,309
2017-03-17,356
2017-03-18,325
2017-03-19,262
2017-03-20,369
2017-03-21,303
2017-03-22,297
2017-03-23,333
2017-03-24,361
2017-03-25,317
2017-03-26,272
2017-03-27,328
2017-03-28,347
2017-03-29,310
2017-03-30,306
2017-03-31,319
2017-04-01,396
2017-04-02,266
2017-04-03,431
2017-04-04,287
2017-04-05,335
2017-04-06,286
2017-04-07,337
2017-04-08,288
2017-04-09,304
2017-04-10,360
2017-04-11,319
2017-04-12,352
2017-04-13,315
2017-04-14,360
2017-04-15,317
2017-04-16,298
2017-04-17,387
2017-04-18,371
2017-04-19,346
2017-04-20,337
2017-04-21,359
2017-04-22,342
2017-04-23,315
2017-04-24,339
2017-04-25,346
2017-04-26,343
2017-04-27,388
2017-04-28,402
2017-04-29,324
2017-04-30,308
2017-05-01,457
2017-05-02,376
2017-05-03,368
2017-05-04,357
2017-05-05,369
2017-05-06,360
2017-05-07,281
2017-05-08,336
2017-05-09,333
2017-05-10,388
2017-05-11,355
2017-05-12,378
2017-05-13,309
2017-05-14,264
2017-05-15,380
2017-05-16,332
2017-05-17,390
2017-05-18,328
2017-05-19,418
2017-05-20,346
2017-05-21,343
2017-05-22,352
2017-05-23,420
2017-05-24,416
2017-05-25,381
2017-05-26,410
2017-05-27,399
2017-05-28,355
2017-05-29,307
2017-05-30,403
2017-05-31,356
2017-06-01,448
2017-06-02,408
2017-06-03,340
2017-06-04,270
2017-06-05,360
2017-06-06,358
2017-06-07,376
2017-06-08,388
2017-06-09,388
2017-06-10,352
2017-06-11,312
2017-06-12,385
2017-06-13,367
2017-06-14,379
2017-06-15,407
2017-06-16,404
2017-06-17,369
2017-06-18,312
2017-06-19,380
2017-06-20,406
2017-06-21,384
2017-06-22,405
2017-06-23,418
2017-06-24,371
2017-06-25,377
2017-06-26,387
2017-06-27,386
2017-06-28,416
2017-06-29,365
2017-06-30,447
2017-07-01,459
2017-07-02,346
2017-07-03,418
2017-07-04,333
2017-07-05,383
2017-07-06,386
2017-07-07,426
2017-07-08,376
2017-07-09,371
2017-07-10,437
2017-07-11,374
2017-07-12,400
2017-07-13,422
2017-07-14,367
2017-07-15,380
2017-07-16,332
2017-07-17,448
2017-07-18,428
2017-07-19,402
2017-07-20,383
2017-07-21,422
2017-07-22,395
2017-07-23,366
2017-07-24,439
2017-07-25,405
2017-07-26,434
2017-07-27,417
2017-07-28,455
2017-07-29,343
2017-07-30,327
2017-07-31,373
2017-08-01,482
2017-08-02,414
2017-08-03,426
2017-08-04,406
2017-08-05,380
2017-08-06,328
2017-08-07,344
2017-08-08,450
2017-08-09,392
2017-08-10,379
2017-08-11,432
2017-08-12,377
2017-08-13,358
2017-08-14,439
2017-08-15,435
2017-08-16,424
2017-08-17,392
2017-08-18,369
2017-08-19,397
2017-08-20,333
2017-08-21,416
2017-08-22,433
2017-08-23,435
2017-08-24,419
2017-08-25,441
2017-08-26,365
2017-08-27,353
2017-08-28,439
2017-08-29,395
2017-08-30,459
2017-08-31,411
2017-09-01,514
2017-09-02,424
2017-09-03,324
2017-09-04,359
2017-09-05,449
2017-09-06,382
2017-09-07,382
2017-09-08,378
2017-09-09,380
2017-09-10,351
2017-09-11,402
2017-09-12,402
2017-09-13,378
2017-09-14,394
2017-09-15,467
2017-09-16,393
2017-09-17,390
2017-09-18,375
2017-09-19,384
2017-09-20,419
2017-09-21,376
2017-09-22,402
2017-09-23,422
2017-09-24,349
2017-09-25,362
2017-09-26,398
2017-09-27,372
2017-09-28,392
2017-09-29,366
2017-09-30,391
2017-10-01,426
2017-10-02,412
2017-10-03,376
2017-10-04,384
2017-10-05,411
2017-10-06,442
2017-10-07,344
2017-10-08,327
2017-10-09,340
2017-10-10,413
2017-10-11,383
2017-10-12,380
2017-10-13,405
2017-10-14,364
2017-10-15,371
2017-10-16,387
2017-10-17,393
2017-10-18,359
2017-10-19,389
2017-10-20,414
2017-10-21,349
2017-10-22,341
2017-10-23,401
2017-10-24,434
2017-10-25,410
2017-10-26,395
2017-10-27,395
2017-10-28,415
2017-10-29,316
2017-10-30,379
2017-10-31,387
2017-11-01,442
2017-11-02,430
2017-11-03,441
2017-11-04,359
2017-11-05,311
2017-11-06,371
2017-11-07,367
2017-11-08,351
2017-11-09,331
2017-11-10,364
2017-11-11,329
2017-11-12,315
2017-11-13,403
2017-11-14,365
2017-11-15,378
2017-11-16,363
2017-11-17,409
2017-11-18,368
2017-11-19,315
2017-11-20,363
2017-11-21,374
2017-11-22,418
2017-11-23,229
2017-11-24,413
2017-11-25,393
2017-11-26,330
2017-11-27,399
2017-11-28,407
2017-11-29,395
2017-11-30,418
2017-12-01,480
2017-12-02,354
2017-12-03,311
2017-12-04,413
2017-12-05,419
2017-12-06,416
2017-12-07,388
2017-12-08,434
2017-12-09,343
2017-12-10,334
2017-12-11,373
2017-12-12,395
2017-12-13,355
2017-12-14,343
2017-12-15,397
2017-12-16,352
2017-12-17,344
2017-12-18,348
2017-12-19,395
2017-12-20,425
2017-12-21,393
2017-12-22,396
2017-12-23,413
2017-12-24,314
2017-12-25,179
2017-12-26,303
2017-12-27,320
2017-12-28,318
2017-12-29,342
2017-12-30,287
2017-12-31,261
2018-01-01,319
2018-01-02,302
2018-01-03,335
2018-01-04,206
2018-01-05,311
2018-01-06,287
2018-01-07,240
2018-01-08,312
2018-01-09,342
2018-01-10,352
2018-01-11,335
2018-01-12,394
2018-01-13,338
2018-01-14,247
2018-01-15,331
2018-01-16,345
2018-01-17,353
2018-01-18,375
2018-01-19,395
2018-01-20,356
2018-01-21,302
2018-01-22,418
2018-01-23,364
2018-01-24,399
2018-01-25,362
2018-01-26,399
2018-01-27,351
2018-01-28,291
2018-01-29,359
2018-01-30,316
2018-01-31,353
2018-02-01,411
2018-02-02,389
2018-02-03,340
2018-02-04,320
2018-02-05,329
2018-02-06,327
2018-02-07,358
2018-02-08,317
2018-02-09,376
2018-02-10,317
2018-02-11,282
2018-02-12,360
2018-02-13,337
2018-02-14,379
2018-02-15,371
2018-02-16,349
2018-02-17,317
2018-02-18,293
2018-02-19,313
2018-02-20,368
2018-02-21,355
2018-02-22,351
2018-02-23,366
2018-02-24,344
2018-02-25,277
2018-02-26,327
2018-02-27,335
2018-02-28,390
2018-03-01,429
2018-03-02,339
2018-03-03,334
2018-03-04,262
2018-03-05,354
2018-03-06,324
2018-03-07,245
2018-03-08,316
2018-03-09,363
2018-03-10,339
2018-03-11,256
2018-03-12,352
2018-03-13,294
2018-03-14,342
2018-03-15,374
2018-03-16,342
2018-03-17,320
2018-03-18,287
2018-03-19,332
2018-03-20,392
2018-03-21,279
2018-03-22,307
2018-03-23,384
2018-03-24,339
2018-03-25,309
2018-03-26,346
2018-03-27,345
2018-03-28,397
2018-03-29,332
2018-03-30,369
2018-03-31,330
2018-04-01,330
2018-04-02,329
2018-04-03,280
2018-04-04,339
2018-04-05,354
2018-04-06,366
2018-04-07,330
2018-04-08,284
2018-04-09,324
2018-04-10,319
2018-04-11,348
2018-04-12,361
2018-04-13,391
2018-04-14,368
2018-04-15,314
2018-04-16,370
2018-04-17,356
2018-04-18,370
2018-04-19,376
2018-04-20,392
2018-04-21,316
2018-04-22,362
2018-04-23,410
2018-04-24,393
2018-04-25,329
2018-04-26,390
2018-04-27,402
2018-04-28,332
2018-04-29,304
2018-04-30,391
2018-05-01,456
2018-05-02,373
2018-05-03,374
2018-05-04,377
2018-05-05,378
2018-05-06,320
2018-05-07,358
2018-05-08,369
2018-05-09,372
2018-05-10,379
2018-05-11,409
2018-05-12,358
2018-05-13,278
2018-05-14,419
2018-05-15,397
2018-05-16,358
2018-05-17,384
2018-05-18,395
2018-05-19,337
2018-05-20,333
2018-05-21,374
2018-05-22,349
2018-05-23,342
2018-05-24,377
2018-05-25,423
2018-05-26,366
2018-05-27,309
2018-05-28,321
2018-05-29,425
2018-05-30,372
2018-05-31,394
2018-06-01,482
2018-06-02,351
2018-06-03,306
2018-06-04,398
2018-06-05,397
2018-06-06,387
2018-06-07,417
2018-06-08,400
2018-06-09,352
2018-06-10,329
2018-06-11,402
2018-06-12,388
2018-06-13,381
2018-06-14,396
2018-06-15,442
2018-06-16,374
2018-06-17,347
2018-06-18,436
2018-06-19,407
2018-06-20,419
2018-06-21,388
2018-06-22,454
2018-06-23,377
2018-06-24,337
2018-06-25,420
2018-06-26,380
2018-06-27,433
2018-06-28,386
2018-06-29,422
2018-06-30,386
2018-07-01,403
2018-07-02,395
2018-07-03,415
2018-07-04,368
2018-07-05,445
2018-07-06,384
2018-07-07,367
2018-07-08,343
2018-07-09,410
2018-07-10,366
2018-07-11,396
2018-07-12,457
2018-07-13,415
2018-07-14,433
2018-07-15,362
2018-07-16,443
2018-07-17,375
2018-07-18,447
2018-07-19,421
2018-07-20,422
2018-07-21,401
2018-07-22,339
2018-07-23,418
2018-07-24,423
2018-07-25,398
2018-07-26,390
2018-07-27,435
2018-07-28,397
2018-07-29,425
2018-07-30,447
2018-07-31,463
2018-08-01,494
2018-08-02,398
2018-08-03,417
2018-08-04,386
2018-08-05,369
2018-08-06,453
2018-08-07,413
2018-08-08,411
2018-08-09,445
2018-08-10,420
2018-08-11,377
2018-08-12,367
2018-08-13,404
2018-08-14,386
2018-08-15,463
2018-08-16,407
2018-08-17,449
2018-08-18,379
2018-08-19,374
2018-08-20,424
2018-08-21,411
2018-08-22,417
2018-08-23,398
2018-08-24,459
2018-08-25,394
2018-08-26,354
2018-08-27,441
2018-08-28,425
2018-08-29,411
2018-08-30,433
2018-08-31,421
2018-09-01,541
2018-09-02,388
2018-09-03,316
2018-09-04,397
2018-09-05,413
2018-09-06,364
2018-09-07,421
2018-09-08,365
2018-09-09,318
2018-09-10,377
2018-09-11,396
2018-09-12,389
2018-09-13,379
2018-09-14,420
2018-09-15,414
2018-09-16,345
2018-09-17,428
2018-09-18,397
2018-09-19,350
2018-09-20,461
2018-09-21,418
2018-09-22,368
2018-09-23,325
2018-09-24,411
2018-09-25,325
2018-09-26,400
2018-09-27,406
2018-09-28,393
2018-09-29,430
2018-09-30,297
2018-10-01,450
2018-10-02,372
2018-10-03,402
2018-10-04,394
2018-10-05,422
2018-10-06,384
2018-10-07,375
2018-10-08,403
2018-10-09,382
2018-10-10,388
2018-10-11,371
2018-10-12,426
2018-10-13,343
2018-10-14,281
2018-10-15,423
2018-10-16,412
2018-10-17,413
2018-10-18,368
2018-10-19,399
2018-10-20,357
2018-10-21,323
2018-10-22,387
2018-10-23,378
2018-10-24,408
2018-10-25,388
2018-10-26,401
2018-10-27,317
2018-10-28,343
2018-10-29,447
2018-10-30,422
2018-10-31,470
2018-11-01,480
2018-11-02,421
2018-11-03,360
2018-11-04,320
2018-11-05,398
2018-11-06,373
2018-11-07,409
2018-11-08,410
2018-11-09,438
2018-11-10,424
2018-11-11,313
2018-11-12,400
2018-11-13,392
2018-11-14,359
2018-11-15,347
2018-11-16,393
2018-11-17,361
2018-11-18,329
2018-11-19,413
2018-11-20,417
2018-11-21,365
2018-11-22,218
2018-11-23,445
2018-11-24,386
2018-11-25,373
2018-11-26,487
2018-11-27,413
2018-11-28,456
2018-11-29,436
2018-11-30,444
2018-12-01,477
2018-12-02,355
2018-12-03,451
2018-12-04,397
2018-12-05,403
2018-12-06,449
2018-12-07,489
2018-12-08,424
2018-12-09,367
2018-12-10,400
2018-12-11,442
2018-12-12,468
2018-12-13,429
2018-12-14,464
2018-12-15,439
2018-12-16,312
2018-12-17,481
2018-12-18,469
2018-12-19,407
2018-12-20,495
2018-12-21,488
2018-12-22,437
2018-12-23,386
2018-12-24,437
2018-12-25,233
2018-12-26,424
2018-12-27,399
2018-12-28,442
2018-12-29,432
2018-12-30,302
2018-12-31,491
